"year","var","val","n_sim","started"
1991,"project",-70410.2200605124,1,FALSE
1991,"counterfactual",-91100.2494529784,1,FALSE
1991,"additionality",20690.0293924659,1,FALSE
1992,"project",-42513.4497447014,1,FALSE
1992,"counterfactual",-27896.7703157663,1,FALSE
1992,"additionality",-14616.6794289351,1,FALSE
1993,"project",-36440.0997812003,1,FALSE
1993,"counterfactual",-36440.0997812003,1,FALSE
1993,"additionality",0,1,FALSE
1994,"project",-47683.6993419081,1,FALSE
1994,"counterfactual",-71977.0991960466,1,FALSE
1994,"additionality",24293.3998541385,1,FALSE
1995,"project",-97173.5994165242,1,FALSE
1995,"counterfactual",-150930.648721963,1,FALSE
1995,"additionality",53757.049305439,1,FALSE
1996,"project",-181816.681250259,1,FALSE
1996,"counterfactual",-154678.515242249,1,FALSE
1996,"additionality",-27138.1660080105,1,FALSE
1997,"project",-146279.681835398,1,FALSE
1997,"counterfactual",-203265.314950466,1,FALSE
1997,"additionality",56985.6331150681,1,FALSE
1998,"project",-406760.920494378,1,FALSE
1998,"counterfactual",-251852.114658728,1,FALSE
1998,"additionality",-154908.805835649,1,FALSE
1999,"project",-369571.24740912,1,FALSE
1999,"counterfactual",-454069.833184257,1,FALSE
1999,"additionality",84498.5857751369,1,FALSE
2000,"project",-492076.812101021,1,FALSE
2000,"counterfactual",-275097.918087915,1,FALSE
2000,"additionality",-216978.894013107,1,FALSE
2001,"project",-126492.752809227,1,FALSE
2001,"counterfactual",-359366.213269636,1,FALSE
2001,"additionality",232873.46046041,1,FALSE
2002,"project",-143376.214157656,1,FALSE
2002,"counterfactual",-103477.239973471,1,FALSE
2002,"additionality",-39898.9741841853,1,FALSE
2003,"project",-252371.39736937,1,FALSE
2003,"counterfactual",-180480.092708096,1,FALSE
2003,"additionality",-71891.304661274,1,FALSE
2004,"project",-118324.209995836,1,FALSE
2004,"counterfactual",-163537.929835871,1,FALSE
2004,"additionality",45213.7198400348,1,FALSE
2005,"project",-151160.939315379,1,FALSE
2005,"counterfactual",-345797.130265623,1,FALSE
2005,"additionality",194636.190950245,1,FALSE
2006,"project",-290089.384168893,1,FALSE
2006,"counterfactual",-240224.697442293,1,FALSE
2006,"additionality",-49864.6867265999,1,FALSE
2007,"project",-406530.629900947,1,FALSE
2007,"counterfactual",-257022.364255935,1,FALSE
2007,"additionality",-149508.265645012,1,FALSE
2008,"project",-180249.802114695,1,TRUE
2008,"counterfactual",-139772.843696028,1,TRUE
2008,"additionality",-40476.9584186673,1,TRUE
2009,"project",-161126.651857764,1,TRUE
2009,"counterfactual",-269543.850835025,1,TRUE
2009,"additionality",108417.198977262,1,TRUE
2010,"project",-98595.9824934751,1,TRUE
2010,"counterfactual",-320686.424579993,1,TRUE
2010,"additionality",222090.442086518,1,TRUE
2011,"project",-166296.901454985,1,TRUE
2011,"counterfactual",-156945.297161669,1,TRUE
2011,"additionality",-9351.6042933166,1,TRUE
2012,"project",-297815.407802835,1,TRUE
2012,"counterfactual",-212702.71377857,1,TRUE
2012,"additionality",-85112.6940242648,1,TRUE
2013,"project",-369878.301533654,1,TRUE
2013,"counterfactual",-361018.886940032,1,TRUE
2013,"additionality",-8859.41459362209,1,TRUE
2014,"project",-21909.214887023,1,TRUE
2014,"counterfactual",-297959.903861418,1,TRUE
2014,"additionality",276050.688974395,1,TRUE
2015,"project",-179865.984459013,1,TRUE
2015,"counterfactual",-109925.376589015,1,TRUE
2015,"additionality",-69940.6078699976,1,TRUE
2016,"project",-235505.998028234,1,TRUE
2016,"counterfactual",-243530.044783026,1,TRUE
2016,"additionality",8024.04675479233,1,TRUE
2017,"project",-146306.774846405,1,TRUE
2017,"counterfactual",-116956.012940869,1,TRUE
2017,"additionality",-29350.7619055361,1,TRUE
2018,"project",-112363.747578099,1,TRUE
2018,"counterfactual",-212296.318613723,1,TRUE
2018,"additionality",99932.5710356236,1,TRUE
2019,"project",-102628.3256291,1,TRUE
2019,"counterfactual",-185329.741675243,1,TRUE
2019,"additionality",82701.4160461426,1,TRUE
2020,"project",-168383.063301191,1,TRUE
2020,"counterfactual",-349544.996785894,1,TRUE
2020,"additionality",181161.933484703,1,TRUE
2021,"project",-175120.192033991,1,TRUE
2021,"counterfactual",-210377.23033525,1,TRUE
2021,"additionality",35257.0383012593,1,TRUE
1991,"project",-78953.5495259017,2,FALSE
1991,"counterfactual",-46261.316264987,2,FALSE
1991,"additionality",-32692.2332609147,2,FALSE
1992,"project",-36440.0997812003,2,FALSE
1992,"counterfactual",-42513.4497447312,2,FALSE
1992,"additionality",6073.3499635309,2,FALSE
1993,"project",-18220.0498905927,2,FALSE
1993,"counterfactual",-25571.2868724614,2,FALSE
1993,"additionality",7351.23698186874,2,FALSE
1994,"project",-36440.0997811854,2,FALSE
1994,"counterfactual",-68229.2326758206,2,FALSE
1994,"additionality",31789.1328946352,2,FALSE
1995,"project",-80375.9326028824,2,FALSE
1995,"counterfactual",-150930.648721978,2,FALSE
1995,"additionality",70554.7161190957,2,FALSE
1996,"project",-115912.932017729,2,FALSE
1996,"counterfactual",-106994.815900266,2,FALSE
1996,"additionality",-8918.11611746252,2,FALSE
1997,"project",-130385.11538811,2,FALSE
1997,"counterfactual",-232728.964401811,2,FALSE
1997,"additionality",102343.849013701,2,FALSE
1998,"project",-341146.163379043,2,FALSE
1998,"counterfactual",-202362.214584157,2,FALSE
1998,"additionality",-138783.948794886,2,FALSE
1999,"project",-368668.147042796,2,FALSE
1999,"counterfactual",-316852.763524935,2,FALSE
1999,"additionality",-51815.3835178614,2,FALSE
2000,"project",-450177.470605388,2,FALSE
2000,"counterfactual",-272397.647992596,2,FALSE
2000,"additionality",-177779.822612792,2,FALSE
2001,"project",-208291.06848906,2,FALSE
2001,"counterfactual",-286341.517648667,2,FALSE
2001,"additionality",78050.4491596073,2,FALSE
2002,"project",-130096.123270899,2,FALSE
2002,"counterfactual",-114346.052882165,2,FALSE
2002,"additionality",-15750.0703887343,2,FALSE
2003,"project",-273436.213413894,2,FALSE
2003,"counterfactual",-209713.451566055,2,FALSE
2003,"additionality",-63722.7618478388,2,FALSE
2004,"project",-162549.034934714,2,FALSE
2004,"counterfactual",-221860.151493058,2,FALSE
2004,"additionality",59311.1165583432,2,FALSE
2005,"project",-142387.319256544,2,FALSE
2005,"counterfactual",-329902.563818321,2,FALSE
2005,"additionality",187515.244561777,2,FALSE
2006,"project",-290992.484535232,2,FALSE
2006,"counterfactual",-246997.950189739,2,FALSE
2006,"additionality",-43994.5343454927,2,FALSE
2007,"project",-430620.832172647,2,FALSE
2007,"counterfactual",-269169.064182997,2,FALSE
2007,"additionality",-161451.76798965,2,FALSE
2008,"project",-177635.326554164,2,TRUE
2008,"counterfactual",-136255.267769188,2,TRUE
2008,"additionality",-41380.0587849766,2,TRUE
2009,"project",-190974.118964806,2,TRUE
2009,"counterfactual",-305839.454557613,2,TRUE
2009,"additionality",114865.335592806,2,TRUE
2010,"project",-90282.9436214566,2,TRUE
2010,"counterfactual",-295115.137707487,2,TRUE
2010,"additionality",204832.19408603,2,TRUE
2011,"project",-181058.076942548,2,TRUE
2011,"counterfactual",-117890.721820027,2,TRUE
2011,"additionality",-63167.3551225215,2,TRUE
2012,"project",-346248.680448785,2,TRUE
2012,"counterfactual",-243444.250248224,2,TRUE
2012,"additionality",-102804.430200562,2,TRUE
2013,"project",-427586.414941788,2,TRUE
2013,"counterfactual",-349919.783437878,2,TRUE
2013,"additionality",-77666.6315039098,2,TRUE
2014,"project",-64652.9552251846,2,TRUE
2014,"counterfactual",-407799.485915646,2,TRUE
2014,"additionality",343146.530690461,2,TRUE
2015,"project",-185180.730114833,2,TRUE
2015,"counterfactual",-164960.312912837,2,TRUE
2015,"additionality",-20220.4172019958,2,TRUE
2016,"project",-177423.097968087,2,TRUE
2016,"counterfactual",-261519.804080218,2,TRUE
2016,"additionality",84096.7061121315,2,TRUE
2017,"project",-190328.402202889,2,TRUE
2017,"counterfactual",-139682.533659413,2,TRUE
2017,"additionality",-50645.8685434759,2,TRUE
2018,"project",-88684.4559730738,2,TRUE
2018,"counterfactual",-148284.564648628,2,TRUE
2018,"additionality",59600.1086755544,2,TRUE
2019,"project",-52303.0577156544,2,TRUE
2019,"counterfactual",-203021.477851585,2,TRUE
2019,"additionality",150718.42013593,2,TRUE
2020,"project",-163212.813703984,2,TRUE
2020,"counterfactual",-266843.580739707,2,TRUE
2020,"additionality",103630.767035723,2,TRUE
2021,"project",-159984.229894385,2,TRUE
2021,"counterfactual",-291791.728359416,2,TRUE
2021,"additionality",131807.498465031,2,TRUE
1991,"project",-54660.1496717781,3,FALSE
1991,"counterfactual",-60733.4996353239,3,FALSE
1991,"additionality",6073.3499635458,3,FALSE
1992,"project",-54660.1496717781,3,FALSE
1992,"counterfactual",-36440.0997811705,3,FALSE
1992,"additionality",-18220.0498906076,3,FALSE
1993,"project",-40187.9663014412,3,FALSE
1993,"counterfactual",-24293.3998541534,3,FALSE
1993,"additionality",-15894.5664472878,3,FALSE
1994,"project",-42513.4497447312,3,FALSE
1994,"counterfactual",-96270.4990501553,3,FALSE
1994,"additionality",53757.0493054241,3,FALSE
1995,"project",-94848.1159732342,3,FALSE
1995,"counterfactual",-137361.565717965,3,FALSE
1995,"additionality",42513.4497447312,3,FALSE
1996,"project",-131807.498465046,3,FALSE
1996,"counterfactual",-148605.165278688,3,FALSE
1996,"additionality",16797.6668136418,3,FALSE
1997,"project",-109695.085995585,3,FALSE
1997,"counterfactual",-162174.248282716,3,FALSE
1997,"additionality",52479.162287131,3,FALSE
1998,"project",-454214.329242885,3,FALSE
1998,"counterfactual",-348122.613708913,3,FALSE
1998,"additionality",-106091.715533972,3,FALSE
1999,"project",-420099.71290496,3,FALSE
1999,"counterfactual",-382237.230046809,3,FALSE
1999,"additionality",-37862.4828581512,3,FALSE
2000,"project",-560017.052659631,3,FALSE
2000,"counterfactual",-277567.897589833,3,FALSE
2000,"additionality",-282449.155069798,3,FALSE
2001,"project",-179875.015462652,3,FALSE
2001,"counterfactual",-367620.550617844,3,FALSE
2001,"additionality",187745.535155192,3,FALSE
2002,"project",-120563.898904324,3,FALSE
2002,"counterfactual",-88716.0644858778,3,FALSE
2002,"additionality",-31847.8344184458,3,FALSE
2003,"project",-235284.738438487,3,FALSE
2003,"counterfactual",-256494.050541624,3,FALSE
2003,"additionality",21209.3121031374,3,FALSE
2004,"project",-161126.651857778,3,FALSE
2004,"counterfactual",-242635.975420401,3,FALSE
2004,"additionality",81509.3235626221,3,FALSE
2005,"project",-147268.57673654,3,FALSE
2005,"counterfactual",-384034.399775803,3,FALSE
2005,"additionality",236765.823039263,3,FALSE
2006,"project",-295404.129824713,3,FALSE
2006,"counterfactual",-272627.938586026,3,FALSE
2006,"additionality",-22776.1912386864,3,FALSE
2007,"project",-508585.486797437,3,FALSE
2007,"counterfactual",-270446.951201335,3,FALSE
2007,"additionality",-238138.535596102,3,FALSE
2008,"project",-187456.543037966,3,TRUE
2008,"counterfactual",-130096.123270869,3,TRUE
2008,"additionality",-57360.4197670966,3,TRUE
2009,"project",-141859.005542234,3,TRUE
2009,"counterfactual",-241358.088402048,3,TRUE
2009,"additionality",99499.0828598142,3,TRUE
2010,"project",-116901.82691887,3,TRUE
2010,"counterfactual",-320167.141869351,3,TRUE
2010,"additionality",203265.314950481,3,TRUE
2011,"project",-169380.989206016,3,TRUE
2011,"counterfactual",-148632.25828968,3,TRUE
2011,"additionality",-20748.7309163362,3,TRUE
2012,"project",-379758.219541222,3,TRUE
2012,"counterfactual",-161356.942451164,3,TRUE
2012,"additionality",-218401.277090058,3,TRUE
2013,"project",-391385.636757687,3,TRUE
2013,"counterfactual",-226366.622321054,3,TRUE
2013,"additionality",-165019.014436632,3,TRUE
2014,"project",-13365.8854216188,3,TRUE
2014,"counterfactual",-326759.774543509,3,TRUE
2014,"additionality",313393.88912189,3,TRUE
2015,"project",-233767.529823065,3,TRUE
2015,"counterfactual",-147259.545732871,3,TRUE
2015,"additionality",-86507.9840901941,3,TRUE
2016,"project",-229116.56293653,3,TRUE
2016,"counterfactual",-326317.255364001,3,TRUE
2016,"additionality",97200.6924274713,3,TRUE
2017,"project",-170744.670759112,3,TRUE
2017,"counterfactual",-197679.639184743,3,TRUE
2017,"additionality",26934.9684256315,3,TRUE
2018,"project",-104493.227885559,3,TRUE
2018,"counterfactual",-224501.720064595,3,TRUE
2018,"additionality",120008.492179036,3,TRUE
2019,"project",-115560.72287488,3,TRUE
2019,"counterfactual",-176411.625557825,3,TRUE
2019,"additionality",60850.9026829451,3,TRUE
2020,"project",-217872.963375777,3,TRUE
2020,"counterfactual",-291656.263304472,3,TRUE
2020,"additionality",73783.299928695,3,TRUE
2021,"project",-183519.025440797,3,TRUE
2021,"counterfactual",-260905.69583112,3,TRUE
2021,"additionality",77386.6703903228,3,TRUE
1991,"project",-86304.7865077853,4,FALSE
1991,"counterfactual",-58408.016192019,4,FALSE
1991,"additionality",-27896.7703157663,4,FALSE
1992,"project",-48586.7997082323,4,FALSE
1992,"counterfactual",-28041.2663743794,4,FALSE
1992,"additionality",-20545.5333338529,4,FALSE
1993,"project",-24293.3998541236,4,FALSE
1993,"counterfactual",-48586.7997082621,4,FALSE
1993,"additionality",24293.3998541385,4,FALSE
1994,"project",-31789.1328946203,4,FALSE
1994,"counterfactual",-100921.465936765,4,FALSE
1994,"additionality",69132.3330421448,4,FALSE
1995,"project",-62155.8827123046,4,FALSE
1995,"counterfactual",-113068.165863782,4,FALSE
1995,"additionality",50912.2831514776,4,FALSE
1996,"project",-128059.631944805,4,FALSE
1996,"counterfactual",-165258.336033732,4,FALSE
1996,"additionality",37198.7040889263,4,FALSE
1997,"project",-106091.715533957,4,FALSE
1997,"counterfactual",-140206.331871852,4,FALSE
1997,"additionality",34114.6163378954,4,FALSE
1998,"project",-421002.813271299,4,FALSE
1998,"counterfactual",-262192.613853157,4,FALSE
1998,"additionality",-158810.199418142,4,FALSE
1999,"project",-464554.828437284,4,FALSE
1999,"counterfactual",-371512.913196728,4,FALSE
1999,"additionality",-93041.915240556,4,FALSE
2000,"project",-520732.186724499,4,FALSE
2000,"counterfactual",-239705.414731652,4,FALSE
2000,"additionality",-281026.771992847,4,FALSE
2001,"project",-141339.722831607,4,FALSE
2001,"counterfactual",-325481.887525171,4,FALSE
2001,"additionality",184142.164693564,4,FALSE
2002,"project",-112923.669805214,4,FALSE
2002,"counterfactual",-124253.063900709,4,FALSE
2002,"additionality",11329.3940954953,4,FALSE
2003,"project",-192626.792635158,4,FALSE
2003,"counterfactual",-231536.871918276,4,FALSE
2003,"additionality",38910.0792831182,4,FALSE
2004,"project",-129134.321380749,4,FALSE
2004,"counterfactual",-139917.339754671,4,FALSE
2004,"additionality",10783.0183739215,4,FALSE
2005,"project",-104755.126991779,4,FALSE
2005,"counterfactual",-368984.232170984,4,FALSE
2005,"additionality",264229.105179206,4,FALSE
2006,"project",-296691.047846735,4,FALSE
2006,"counterfactual",-217967.788914248,4,FALSE
2006,"additionality",-78723.2589324862,4,FALSE
2007,"project",-438405.5573304,4,FALSE
2007,"counterfactual",-264373.601237804,4,FALSE
2007,"additionality",-174031.956092596,4,FALSE
2008,"project",-168103.102187604,4,TRUE
2008,"counterfactual",-145846.193659559,4,TRUE
2008,"additionality",-22256.9085280448,4,TRUE
2009,"project",-180105.306056097,4,TRUE
2009,"counterfactual",-287330.412549794,4,TRUE
2009,"additionality",107225.106493697,4,TRUE
2010,"project",-137447.360252723,4,TRUE
2010,"counterfactual",-285004.929106474,4,TRUE
2010,"additionality",147557.568853751,4,TRUE
2011,"project",-151824.718084648,4,TRUE
2011,"counterfactual",-115709.73443535,4,TRUE
2011,"additionality",-36114.9836492985,4,TRUE
2012,"project",-286716.304300666,4,TRUE
2012,"counterfactual",-169669.981323197,4,TRUE
2012,"additionality",-117046.322977468,4,TRUE
2013,"project",-468532.985550955,4,TRUE
2013,"counterfactual",-265506.992197573,4,TRUE
2013,"additionality",-203025.993353382,4,TRUE
2014,"project",-14499.2763813585,4,TRUE
2014,"counterfactual",-310192.398323253,4,TRUE
2014,"additionality",295693.121941894,4,TRUE
2015,"project",-246817.330116451,4,TRUE
2015,"counterfactual",-129567.809556559,4,TRUE
2015,"additionality",-117249.520559892,4,TRUE
2016,"project",-283514.813502073,4,TRUE
2016,"counterfactual",-249517.600211784,4,TRUE
2016,"additionality",-33997.213290289,4,TRUE
2017,"project",-203667.194613501,4,TRUE
2017,"counterfactual",-236734.21452646,4,TRUE
2017,"additionality",33067.0199129581,4,TRUE
2018,"project",-78949.0340240747,4,TRUE
2018,"counterfactual",-263497.593882471,4,TRUE
2018,"additionality",184548.559858397,4,TRUE
2019,"project",-45037.615268603,4,TRUE
2019,"counterfactual",-247688.821969986,4,TRUE
2019,"additionality",202651.206701383,4,TRUE
2020,"project",-199133.630774513,4,TRUE
2020,"counterfactual",-307934.647407472,4,TRUE
2020,"additionality",108801.016632959,4,TRUE
2021,"project",-157428.455857694,4,TRUE
2021,"counterfactual",-223946.313339293,4,TRUE
2021,"additionality",66517.8574815989,4,TRUE
1991,"project",-115393.649307132,5,FALSE
1991,"counterfactual",-52334.666228503,5,FALSE
1991,"additionality",-63058.9830786288,5,FALSE
1992,"project",-34114.6163378954,5,FALSE
1992,"counterfactual",-36440.0997812003,5,FALSE
1992,"additionality",2325.4834433049,5,FALSE
1993,"project",-19497.9369089454,5,FALSE
1993,"counterfactual",-40043.4702428132,5,FALSE
1993,"additionality",20545.5333338678,5,FALSE
1994,"project",-64481.3661555648,5,FALSE
1994,"counterfactual",-48586.7997082621,5,FALSE
1994,"additionality",-15894.5664473027,5,FALSE
1995,"project",-72880.1995623708,5,FALSE
1995,"counterfactual",-140964.936179578,5,FALSE
1995,"additionality",68084.7366172075,5,FALSE
1996,"project",-130385.115388095,5,FALSE
1996,"counterfactual",-147182.782201737,5,FALSE
1996,"additionality",16797.6668136418,5,FALSE
1997,"project",-69651.6157527715,5,FALSE
1997,"counterfactual",-138783.948794916,5,FALSE
1997,"additionality",69132.3330421448,5,FALSE
1998,"project",-365295.067174569,5,FALSE
1998,"counterfactual",-263998.814585775,5,FALSE
1998,"additionality",-101296.252588794,5,FALSE
1999,"project",-474376.04492107,5,FALSE
1999,"counterfactual",-424750.67979154,5,FALSE
1999,"additionality",-49625.3651295304,5,FALSE
2000,"project",-535723.652805477,5,FALSE
2000,"counterfactual",-278845.78460817,5,FALSE
2000,"additionality",-256877.868197307,5,FALSE
2001,"project",-216689.901895896,5,FALSE
2001,"counterfactual",-370609.812830374,5,FALSE
2001,"additionality",153919.910934478,5,FALSE
2002,"project",-144568.306641206,5,FALSE
2002,"counterfactual",-145232.085410461,5,FALSE
2002,"additionality",663.778769254684,5,FALSE
2003,"project",-215786.801529586,5,FALSE
2003,"counterfactual",-201919.695404679,5,FALSE
2003,"additionality",-13867.1061249077,5,FALSE
2004,"project",-222465.228738517,5,FALSE
2004,"counterfactual",-178913.213572532,5,FALSE
2004,"additionality",-43552.0151659846,5,FALSE
2005,"project",-187745.535155177,5,FALSE
2005,"counterfactual",-363114.079789892,5,FALSE
2005,"additionality",175368.544634715,5,FALSE
2006,"project",-254696.880812675,5,FALSE
2006,"counterfactual",-247286.942306936,5,FALSE
2006,"additionality",-7409.93850573897,5,FALSE
2007,"project",-481591.81684798,5,FALSE
2007,"counterfactual",-335303.104008958,5,FALSE
2007,"additionality",-146288.712839022,5,FALSE
2008,"project",-120216.205263272,5,TRUE
2008,"counterfactual",-142098.327139303,5,TRUE
2008,"additionality",21882.1218760312,5,TRUE
2009,"project",-204398.705910221,5,TRUE
2009,"counterfactual",-277798.188183248,5,TRUE
2009,"additionality",73399.4822730273,5,TRUE
2010,"project",-132651.89730756,5,TRUE
2010,"counterfactual",-296018.238073826,5,TRUE
2010,"additionality",163366.340766266,5,TRUE
2011,"project",-174984.726979017,5,TRUE
2011,"counterfactual",-119313.104896933,5,TRUE
2011,"additionality",-55671.6220820844,5,TRUE
2012,"project",-186697.938730255,5,TRUE
2012,"counterfactual",-201314.618159249,5,TRUE
2012,"additionality",14616.6794289947,5,TRUE
2013,"project",-447612.665565059,5,TRUE
2013,"counterfactual",-283112.933839023,5,TRUE
2013,"additionality",-164499.731726035,5,TRUE
2014,"project",-7351.23698186874,5,TRUE
2014,"counterfactual",-319869.118748441,5,TRUE
2014,"additionality",312517.881766573,5,TRUE
2015,"project",-272388.616988942,5,TRUE
2015,"counterfactual",-163741.127418295,5,TRUE
2015,"additionality",-108647.489570647,5,TRUE
2016,"project",-199630.33597602,5,TRUE
2016,"counterfactual",-258964.030043513,5,TRUE
2016,"additionality",59333.6940674931,5,TRUE
2017,"project",-87320.7744199187,5,TRUE
2017,"counterfactual",-193931.772664517,5,TRUE
2017,"additionality",106610.998244599,5,TRUE
2018,"project",-91009.939416334,5,TRUE
2018,"counterfactual",-159383.668150768,5,TRUE
2018,"additionality",68373.7287344337,5,TRUE
2019,"project",-35013.2012023926,5,TRUE
2019,"counterfactual",-136684.240443215,5,TRUE
2019,"additionality",101671.039240822,5,TRUE
2020,"project",-240743.98015295,5,TRUE
2020,"counterfactual",-247720.430482805,5,TRUE
2020,"additionality",6976.45032985508,5,TRUE
2021,"project",-107274.777013853,5,TRUE
2021,"counterfactual",-222582.631786138,5,TRUE
2021,"additionality",115307.854772285,5,TRUE
1991,"project",-94703.6199145913,6,FALSE
1991,"counterfactual",-76628.0660826266,6,FALSE
1991,"additionality",-18075.5538319647,6,FALSE
1992,"project",-24293.3998541385,6,FALSE
1992,"counterfactual",-21823.4203522056,6,FALSE
1992,"additionality",-2469.97950193286,6,FALSE
1993,"project",-34114.6163378954,6,FALSE
1993,"counterfactual",-36440.0997812152,6,FALSE
1993,"additionality",2325.4834433198,6,FALSE
1994,"project",-48586.7997082472,6,FALSE
1994,"counterfactual",-52334.6662284881,6,FALSE
1994,"additionality",3747.8665202409,6,FALSE
1995,"project",-126637.248867854,6,FALSE
1995,"counterfactual",-138783.948794916,6,FALSE
1995,"additionality",12146.6999270618,6,FALSE
1996,"project",-162174.248282701,6,FALSE
1996,"counterfactual",-115912.932017744,6,FALSE
1996,"additionality",-46261.3162649572,6,FALSE
1997,"project",-105188.615167633,6,FALSE
1997,"counterfactual",-181297.398539633,6,FALSE
1997,"additionality",76108.7833719999,6,FALSE
1998,"project",-360269.31363599,6,FALSE
1998,"counterfactual",-241127.797808632,6,FALSE
1998,"additionality",-119141.515827358,6,FALSE
1999,"project",-390636.06345363,6,FALSE
1999,"counterfactual",-434571.896275312,6,FALSE
1999,"additionality",43935.8328216821,6,FALSE
2000,"project",-489462.336540535,6,FALSE
2000,"counterfactual",-252082.405252144,6,FALSE
2000,"additionality",-237379.931288391,6,FALSE
2001,"project",-148460.66922006,6,FALSE
2001,"counterfactual",-305464.667905569,6,FALSE
2001,"additionality",157003.998685509,6,FALSE
2002,"project",-93800.5195482969,6,FALSE
2002,"counterfactual",-91475.036104992,6,FALSE
2002,"additionality",-2325.4834433049,6,FALSE
2003,"project",-205446.302335128,6,FALSE
2003,"counterfactual",-192396.502041757,6,FALSE
2003,"additionality",-13049.8002933711,6,FALSE
2004,"project",-108791.985629275,6,FALSE
2004,"counterfactual",-181613.483667836,6,FALSE
2004,"additionality",72821.4980385602,6,FALSE
2005,"project",-157089.793220326,6,FALSE
2005,"counterfactual",-328854.967393383,6,FALSE
2005,"additionality",171765.174173057,6,FALSE
2006,"project",-279748.88497448,6,FALSE
2006,"counterfactual",-275242.414146543,6,FALSE
2006,"additionality",-4506.47082793713,6,FALSE
2007,"project",-480833.212540269,6,FALSE
2007,"counterfactual",-264084.609120578,6,FALSE
2007,"additionality",-216748.603419691,6,FALSE
2008,"project",-242202.487244561,6,TRUE
2008,"counterfactual",-218870.889280573,6,TRUE
2008,"additionality",-23331.5979639888,6,TRUE
2009,"project",-154534.019183606,6,TRUE
2009,"counterfactual",-254927.171406075,6,TRUE
2009,"additionality",100393.152222469,6,TRUE
2010,"project",-157609.075930953,6,TRUE
2010,"counterfactual",-259578.138292626,6,TRUE
2010,"additionality",101969.062361673,6,TRUE
2011,"project",-185420.051711872,6,TRUE
2011,"counterfactual",-161971.050700277,6,TRUE
2011,"additionality",-23449.0010115951,6,TRUE
2012,"project",-295259.633766145,6,TRUE
2012,"counterfactual",-220957.051126778,6,TRUE
2012,"additionality",-74302.5826393664,6,TRUE
2013,"project",-410269.465417534,6,TRUE
2013,"counterfactual",-337917.579569444,6,TRUE
2013,"additionality",-72351.8858480901,6,TRUE
2014,"project",-30393.8428286314,6,TRUE
2014,"counterfactual",-329374.250104025,6,TRUE
2014,"additionality",298980.407275394,6,TRUE
2015,"project",-161790.430627033,6,TRUE
2015,"counterfactual",-135785.655578688,6,TRUE
2015,"additionality",-26004.7750483453,6,TRUE
2016,"project",-253035.176138595,6,TRUE
2016,"counterfactual",-318735.727788731,6,TRUE
2016,"additionality",65700.5516501367,6,TRUE
2017,"project",-148862.54888311,6,TRUE
2017,"counterfactual",-137704.743857145,6,TRUE
2017,"additionality",-11157.805025965,6,TRUE
2018,"project",-139741.235183194,6,TRUE
2018,"counterfactual",-186205.749030605,6,TRUE
2018,"additionality",46464.5138474107,6,TRUE
2019,"project",-74442.5631961226,6,TRUE
2019,"counterfactual",-179256.391711757,6,TRUE
2019,"additionality",104813.828515634,6,TRUE
2020,"project",-188928.596635073,6,TRUE
2020,"counterfactual",-286486.013707265,6,TRUE
2020,"additionality",97557.4170721918,6,TRUE
2021,"project",-92283.3109328747,6,TRUE
2021,"counterfactual",-263375.675333023,6,TRUE
2021,"additionality",171092.364400148,6,TRUE
1991,"project",-106994.815900311,7,FALSE
1991,"counterfactual",-78953.5495259166,7,FALSE
1991,"additionality",-28041.2663743943,7,FALSE
1992,"project",-24293.3998541087,7,FALSE
1992,"counterfactual",-36440.0997812003,7,FALSE
1992,"additionality",12146.6999270916,7,FALSE
1993,"project",-54660.149671793,7,FALSE
1993,"counterfactual",-46116.820206359,7,FALSE
1993,"additionality",-8543.32946543396,7,FALSE
1994,"project",-36440.0997811705,7,FALSE
1994,"counterfactual",-84123.7991231233,7,FALSE
1994,"additionality",47683.6993419528,7,FALSE
1995,"project",-100921.46593678,7,FALSE
1995,"counterfactual",-172898.565132797,7,FALSE
1995,"additionality",71977.0991960168,7,FALSE
1996,"project",-141628.714948818,7,FALSE
1996,"counterfactual",-187370.748503178,7,FALSE
1996,"additionality",45742.0335543603,7,FALSE
1997,"project",-81798.3156798482,7,FALSE
1997,"counterfactual",-188793.131580114,7,FALSE
1997,"additionality",106994.815900266,7,FALSE
1998,"project",-371512.913196713,7,FALSE
1998,"counterfactual",-240224.697442308,7,FALSE
1998,"additionality",-131288.215754405,7,FALSE
1999,"project",-383140.330413148,7,FALSE
1999,"counterfactual",-291895.584901541,7,FALSE
1999,"additionality",-91244.7455116063,7,FALSE
2000,"project",-490509.932965443,7,FALSE
2000,"counterfactual",-248479.034790516,7,FALSE
2000,"additionality",-242030.898174927,7,FALSE
2001,"project",-160607.369147137,7,FALSE
2001,"counterfactual",-342049.263745368,7,FALSE
2001,"additionality",181441.894598231,7,FALSE
2002,"project",-144712.802699819,7,FALSE
2002,"counterfactual",-99873.8695118278,7,FALSE
2002,"additionality",-44838.9331879914,7,FALSE
2003,"project",-256877.868197322,7,FALSE
2003,"counterfactual",-205590.798393741,7,FALSE
2003,"additionality",-51287.0698035806,7,FALSE
2004,"project",-94030.8101416975,7,FALSE
2004,"counterfactual",-189023.42217356,7,FALSE
2004,"additionality",94992.6120318621,7,FALSE
2005,"project",-130385.11538811,7,FALSE
2005,"counterfactual",-339579.284243464,7,FALSE
2005,"additionality",209194.168855354,7,FALSE
2006,"project",-256119.263889596,7,FALSE
2006,"counterfactual",-219390.171991214,7,FALSE
2006,"additionality",-36729.0918983817,7,FALSE
2007,"project",-462324.170532465,7,FALSE
2007,"counterfactual",-260625.734717563,7,FALSE
2007,"additionality",-201698.435814902,7,FALSE
2008,"project",-214075.426335394,7,TRUE
2008,"counterfactual",-148316.173161462,7,TRUE
2008,"additionality",-65759.2531739324,7,TRUE
2009,"project",-130615.405981496,7,TRUE
2009,"counterfactual",-290089.384168908,7,TRUE
2009,"additionality",159473.978187412,7,TRUE
2010,"project",-185361.350188091,7,TRUE
2010,"counterfactual",-290175.178703696,7,TRUE
2010,"additionality",104813.828515604,7,TRUE
2011,"project",-217064.688547909,7,TRUE
2011,"counterfactual",-121783.084398836,7,TRUE
2011,"additionality",-95281.6041490734,7,TRUE
2012,"project",-297670.911744207,7,TRUE
2012,"counterfactual",-191348.905616835,7,TRUE
2012,"additionality",-106322.006127372,7,TRUE
2013,"project",-467629.885184616,7,TRUE
2013,"counterfactual",-283871.538146749,7,TRUE
2013,"additionality",-183758.347037867,7,TRUE
2014,"project",-16969.2558832318,7,TRUE
2014,"counterfactual",-340992.636316791,7,TRUE
2014,"additionality",324023.380433559,7,TRUE
2015,"project",-176637.400649399,7,TRUE
2015,"counterfactual",-163009.61612156,7,TRUE
2015,"additionality",-13627.7845278382,7,TRUE
2016,"project",-207704.053250954,7,TRUE
2016,"counterfactual",-268112.436754391,7,TRUE
2016,"additionality",60408.383503437,7,TRUE
2017,"project",-192857.083228588,7,TRUE
2017,"counterfactual",-229382.977544591,7,TRUE
2017,"additionality",36525.8943160027,7,TRUE
2018,"project",-59654.2946975529,7,TRUE
2018,"counterfactual",-212210.524078906,7,TRUE
2018,"additionality",152556.229381353,7,TRUE
2019,"project",-54655.634169966,7,TRUE
2019,"counterfactual",-185618.733792499,7,TRUE
2019,"additionality",130963.099622533,7,TRUE
2020,"project",-169286.163667515,7,TRUE
2020,"counterfactual",-274339.313780203,7,TRUE
2020,"additionality",105053.150112689,7,TRUE
2021,"project",-145137.259871989,7,TRUE
2021,"counterfactual",-225368.696416259,7,TRUE
2021,"additionality",80231.4365442693,7,TRUE
1991,"project",-30366.7498176545,8,FALSE
1991,"counterfactual",-42513.4497447014,8,FALSE
1991,"additionality",12146.6999270469,8,FALSE
1992,"project",-42513.4497447461,8,FALSE
1992,"counterfactual",-36440.0997812152,8,FALSE
1992,"additionality",-6073.3499635309,8,FALSE
1993,"project",-30366.7498176545,8,FALSE
1993,"counterfactual",-15894.5664473027,8,FALSE
1993,"additionality",-14472.1833703518,8,FALSE
1994,"project",-34114.6163378954,8,FALSE
1994,"counterfactual",-47539.2032833099,8,FALSE
1994,"additionality",13424.5869454145,8,FALSE
1995,"project",-94848.1159732193,8,FALSE
1995,"counterfactual",-128962.732311159,8,FALSE
1995,"additionality",34114.6163379401,8,FALSE
1996,"project",-127156.531578481,8,FALSE
1996,"counterfactual",-116816.032384038,8,FALSE
1996,"additionality",-10340.4991944432,8,FALSE
1997,"project",-159848.764839426,8,FALSE
1997,"counterfactual",-136313.969293013,8,FALSE
1997,"additionality",-23534.7955464125,8,FALSE
1998,"project",-450985.745433256,8,FALSE
1998,"counterfactual",-282738.147187009,8,FALSE
1998,"additionality",-168247.598246247,8,FALSE
1999,"project",-332228.047261611,8,FALSE
1999,"counterfactual",-331324.946895301,8,FALSE
1999,"additionality",-903.100366309285,8,FALSE
2000,"project",-509104.769508079,8,FALSE
2000,"counterfactual",-277798.188183233,8,FALSE
2000,"additionality",-231306.581324846,8,FALSE
2001,"project",-109406.093878359,8,FALSE
2001,"counterfactual",-327577.080375016,8,FALSE
2001,"additionality",218170.986496657,8,FALSE
2002,"project",-144568.306641236,8,FALSE
2002,"counterfactual",-121841.785922676,8,FALSE
2002,"additionality",-22726.5207185596,8,FALSE
2003,"project",-224185.634936363,8,FALSE
2003,"counterfactual",-222090.442086488,8,FALSE
2003,"additionality",-2095.1928498745,8,FALSE
2004,"project",-175454.339169532,8,FALSE
2004,"counterfactual",-176732.226187885,8,FALSE
2004,"additionality",1277.88701835275,8,FALSE
2005,"project",-131663.002406448,8,FALSE
2005,"counterfactual",-361921.987306312,8,FALSE
2005,"additionality",230258.984899864,8,FALSE
2006,"project",-332747.329972208,8,FALSE
2006,"counterfactual",-259144.650116816,8,FALSE
2006,"additionality",-73602.6798553914,8,FALSE
2007,"project",-464590.952451959,8,FALSE
2007,"counterfactual",-331180.450836658,8,FALSE
2007,"additionality",-133410.501615301,8,FALSE
2008,"project",-234995.746321276,8,TRUE
2008,"counterfactual",-210472.055873752,8,TRUE
2008,"additionality",-24523.6904475242,8,TRUE
2009,"project",-163452.135301054,8,TRUE
2009,"counterfactual",-216545.405837268,8,TRUE
2009,"additionality",53093.2705362141,8,TRUE
2010,"project",-143895.496868312,8,TRUE
2010,"counterfactual",-296248.528667226,8,TRUE
2010,"additionality",152353.031798914,8,TRUE
2011,"project",-159559.7727222,8,TRUE
2011,"counterfactual",-99467.4743469954,8,TRUE
2011,"additionality",-60092.2983752042,8,TRUE
2012,"project",-267823.444637164,8,TRUE
2012,"counterfactual",-176876.722246468,8,TRUE
2012,"additionality",-90946.7223906964,8,TRUE
2013,"project",-419512.697666854,8,TRUE
2013,"counterfactual",-289186.283802584,8,TRUE
2013,"additionality",-130326.41386427,8,TRUE
2014,"project",-52420.4607633054,8,TRUE
2014,"counterfactual",-363719.157035321,8,TRUE
2014,"additionality",311298.696272016,8,TRUE
2015,"project",-156620.181029826,8,TRUE
2015,"counterfactual",-115240.12224485,8,TRUE
2015,"additionality",-41380.0587849766,8,TRUE
2016,"project",-277125.378410324,8,TRUE
2016,"counterfactual",-250565.196636692,8,TRUE
2016,"additionality",-26560.1817736328,8,TRUE
2017,"project",-134160.074919313,8,TRUE
2017,"counterfactual",-213488.411097288,8,TRUE
2017,"additionality",79328.3361779749,8,TRUE
2018,"project",-79210.9331303239,8,TRUE
2018,"counterfactual",-203436.904020056,8,TRUE
2018,"additionality",124225.970889732,8,TRUE
2019,"project",-119484.693966553,8,TRUE
2019,"counterfactual",-225517.707976729,8,TRUE
2019,"additionality",106033.014010176,8,TRUE
2020,"project",-264653.562351376,8,TRUE
2020,"counterfactual",-285063.630630299,8,TRUE
2020,"additionality",20410.0682789236,8,TRUE
2021,"project",-176023.292400286,8,TRUE
2021,"counterfactual",-254832.345867589,8,TRUE
2021,"additionality",78809.0534673035,8,TRUE
1991,"project",-85026.8994894773,9,FALSE
1991,"counterfactual",-70554.7161190957,9,FALSE
1991,"additionality",-14472.1833703816,9,FALSE
1992,"project",-24293.3998541087,9,FALSE
1992,"counterfactual",-54660.149671793,9,FALSE
1992,"additionality",30366.7498176843,9,FALSE
1993,"project",-36440.0997812003,9,FALSE
1993,"counterfactual",-24293.3998541236,9,FALSE
1993,"additionality",-12146.6999270767,9,FALSE
1994,"project",-52334.666228503,9,FALSE
1994,"counterfactual",-76628.0660826415,9,FALSE
1994,"additionality",24293.3998541385,9,FALSE
1995,"project",-88774.7660097033,9,FALSE
1995,"counterfactual",-122889.382347599,9,FALSE
1995,"additionality",34114.6163378954,9,FALSE
1996,"project",-130385.115388066,9,FALSE
1996,"counterfactual",-164499.731725991,9,FALSE
1996,"additionality",34114.6163379252,9,FALSE
1997,"project",-130385.11538811,9,FALSE
1997,"counterfactual",-193963.381177321,9,FALSE
1997,"additionality",63578.2657892108,9,FALSE
1998,"project",-403302.046091303,9,FALSE
1998,"counterfactual",-280412.663743749,9,FALSE
1998,"additionality",-122889.382347554,9,FALSE
1999,"project",-525672.14572832,9,FALSE
1999,"counterfactual",-364920.280522555,9,FALSE
1999,"additionality",-160751.865205765,9,FALSE
2000,"project",-387262.983585417,9,FALSE
2000,"counterfactual",-212653.043258414,9,FALSE
2000,"additionality",-174609.940327004,9,FALSE
2001,"project",-125156.164267078,9,FALSE
2001,"counterfactual",-344605.037782073,9,FALSE
2001,"additionality",219448.873514995,9,FALSE
2002,"project",-106850.319841638,9,FALSE
2002,"counterfactual",-50998.0776863247,9,FALSE
2002,"additionality",-55852.2421553135,9,FALSE
2003,"project",-205965.585045815,9,FALSE
2003,"counterfactual",-202362.214584172,9,FALSE
2003,"additionality",-3603.37046164274,9,FALSE
2004,"project",-189398.208825544,9,FALSE
2004,"counterfactual",-201544.908752605,9,FALSE
2004,"additionality",12146.6999270618,9,FALSE
2005,"project",-119371.806420758,9,FALSE
2005,"counterfactual",-303802.963231564,9,FALSE
2005,"additionality",184431.156810805,9,FALSE
2006,"project",-309876.31319508,9,FALSE
2006,"counterfactual",-304561.567539215,9,FALSE
2006,"additionality",-5314.74565586448,9,FALSE
2007,"project",-490365.436906859,9,FALSE
2007,"counterfactual",-345508.138148427,9,FALSE
2007,"additionality",-144857.298758432,9,FALSE
2008,"project",-171417.48053202,9,TRUE
2008,"counterfactual",-125011.66820845,9,TRUE
2008,"additionality",-46405.8123235703,9,TRUE
2009,"project",-198325.355946675,9,TRUE
2009,"counterfactual",-264229.105179191,9,TRUE
2009,"additionality",65903.7492325157,9,TRUE
2010,"project",-117949.423343822,9,TRUE
2010,"counterfactual",-329374.25010404,9,TRUE
2010,"additionality",211424.826760218,9,TRUE
2011,"project",-205062.484679461,9,TRUE
2011,"counterfactual",-131315.308765396,9,TRUE
2011,"additionality",-73747.175914064,9,TRUE
2012,"project",-337100.273737907,9,TRUE
2012,"counterfactual",-142906.601967186,9,TRUE
2012,"additionality",-194193.671770722,9,TRUE
2013,"project",-480679.685478017,9,TRUE
2013,"counterfactual",-295345.428300917,9,TRUE
2013,"additionality",-185334.2571771,9,TRUE
2014,"project",-12087.9984032512,9,TRUE
2014,"counterfactual",-261230.811962977,9,TRUE
2014,"additionality",249142.813559726,9,TRUE
2015,"project",-283018.108300582,9,TRUE
2015,"counterfactual",-151594.427491233,9,TRUE
2015,"additionality",-131423.680809349,9,TRUE
2016,"project",-305830.423553944,9,TRUE
2016,"counterfactual",-241818.669588879,9,TRUE
2016,"additionality",-64011.7539650649,9,TRUE
2017,"project",-128028.023431972,9,TRUE
2017,"counterfactual",-179604.085352764,9,TRUE
2017,"additionality",51576.0619207919,9,TRUE
2018,"project",-70839.1927344799,9,TRUE
2018,"counterfactual",-243855.160914928,9,TRUE
2018,"additionality",173015.968180448,9,TRUE
2019,"project",-53608.0377450436,9,TRUE
2019,"counterfactual",-198898.824679285,9,TRUE
2019,"additionality",145290.786934242,9,TRUE
2020,"project",-264134.279640719,9,TRUE
2020,"counterfactual",-295787.94748041,9,TRUE
2020,"additionality",31653.667839691,9,TRUE
2021,"project",-180674.25928688,9,TRUE
2021,"counterfactual",-227838.675918177,9,TRUE
2021,"additionality",47164.4166312963,9,TRUE
1991,"project",-78953.5495259017,10,FALSE
1991,"counterfactual",-85026.8994894475,10,FALSE
1991,"additionality",6073.3499635458,10,FALSE
1992,"project",-48586.7997082621,10,FALSE
1992,"counterfactual",-42513.4497447163,10,FALSE
1992,"additionality",-6073.3499635458,10,FALSE
1993,"project",-30366.7498176694,10,FALSE
1993,"counterfactual",-12146.6999270618,10,FALSE
1993,"additionality",-18220.0498906076,10,FALSE
1994,"project",-30366.7498176396,10,FALSE
1994,"counterfactual",-56082.5327487439,10,FALSE
1994,"additionality",25715.7829311043,10,FALSE
1995,"project",-91100.2494529784,10,FALSE
1995,"counterfactual",-122889.382347614,10,FALSE
1995,"additionality",31789.1328946352,10,FALSE
1996,"project",-98595.98249349,10,FALSE
1996,"counterfactual",-175224.048576117,10,FALSE
1996,"additionality",76628.0660826266,10,FALSE
1997,"project",-118238.415461019,10,FALSE
1997,"counterfactual",-177549.532019377,10,FALSE
1997,"additionality",59311.1165583581,10,FALSE
1998,"project",-366342.663599521,10,FALSE
1998,"counterfactual",-307934.647407472,10,FALSE
1998,"additionality",-58408.0161920488,10,FALSE
1999,"project",-334553.530704871,10,FALSE
1999,"counterfactual",-349928.814441547,10,FALSE
1999,"additionality",15375.283736676,10,FALSE
2000,"project",-502512.136833921,10,FALSE
2000,"counterfactual",-268735.576007143,10,FALSE
2000,"additionality",-233776.560826778,10,FALSE
2001,"project",-151016.443256766,10,FALSE
2001,"counterfactual",-328710.471334785,10,FALSE
2001,"additionality",177694.02807802,10,FALSE
2002,"project",-159184.986070186,10,FALSE
2002,"counterfactual",-97634.1806033254,10,FALSE
2002,"additionality",-61550.8054668605,10,FALSE
2003,"project",-287244.618014991,10,FALSE
2003,"counterfactual",-226655.61443831,10,FALSE
2003,"additionality",-60589.003576681,10,FALSE
2004,"project",-132940.889424771,10,FALSE
2004,"counterfactual",-196144.368561998,10,FALSE
2004,"additionality",63203.4791372269,10,FALSE
2005,"project",-174176.452151164,10,FALSE
2005,"counterfactual",-290089.384168893,10,FALSE
2005,"additionality",115912.932017729,10,FALSE
2006,"project",-270591.447259963,10,FALSE
2006,"counterfactual",-249756.921808854,10,FALSE
2006,"additionality",-20834.5254511088,10,FALSE
2007,"project",-371368.4171381,10,FALSE
2007,"counterfactual",-193674.38906011,10,FALSE
2007,"additionality",-177694.02807799,10,FALSE
2008,"project",-189782.026481241,10,TRUE
2008,"counterfactual",-209194.168855384,10,TRUE
2008,"additionality",19412.142374143,10,TRUE
2009,"project",-162174.248282716,10,TRUE
2009,"counterfactual",-278931.579142973,10,TRUE
2009,"additionality",116757.330860257,10,TRUE
2010,"project",-148605.165278673,10,TRUE
2010,"counterfactual",-297065.834498748,10,TRUE
2010,"additionality",148460.669220075,10,TRUE
2011,"project",-167863.780590564,10,TRUE
2011,"counterfactual",-130181.917805672,10,TRUE
2011,"additionality",-37681.8627848923,10,TRUE
2012,"project",-297959.903861418,10,TRUE
2012,"counterfactual",-212702.713778555,10,TRUE
2012,"additionality",-85257.190082863,10,TRUE
2013,"project",-443047.493213296,10,TRUE
2013,"counterfactual",-298488.217575744,10,TRUE
2013,"additionality",-144559.275637552,10,TRUE
2014,"project",-14499.2763813138,10,TRUE
2014,"counterfactual",-352850.344126597,10,TRUE
2014,"additionality",338351.067745283,10,TRUE
2015,"project",-191254.080078363,10,TRUE
2015,"counterfactual",-134507.76856038,10,TRUE
2015,"additionality",-56746.3115179837,10,TRUE
2016,"project",-219995.249236628,10,TRUE
2016,"counterfactual",-259049.824578315,10,TRUE
2016,"additionality",39054.5753416866,10,TRUE
2017,"project",-161528.531520784,10,TRUE
2017,"counterfactual",-223106.429998621,10,TRUE
2017,"additionality",61577.8984778374,10,TRUE
2018,"project",-103445.631460652,10,TRUE
2018,"counterfactual",-234322.936548382,10,TRUE
2018,"additionality",130877.30508773,10,TRUE
2019,"project",-72117.0797528028,10,TRUE
2019,"counterfactual",-175856.218832523,10,TRUE
2019,"additionality",103739.13907972,10,TRUE
2020,"project",-243588.746306866,10,TRUE
2020,"counterfactual",-289714.597516879,10,TRUE
2020,"additionality",46125.851210013,10,TRUE
2021,"project",-100153.8306254,10,TRUE
2021,"counterfactual",-204303.880371749,10,TRUE
2021,"additionality",104150.049746349,10,TRUE
1991,"project",-94848.1159732044,11,FALSE
1991,"counterfactual",-64481.3661555648,11,FALSE
1991,"additionality",-30366.7498176396,11,FALSE
1992,"project",-54660.1496718228,11,FALSE
1992,"counterfactual",-24293.3998541236,11,FALSE
1992,"additionality",-30366.7498176992,11,FALSE
1993,"project",-28041.2663743794,11,FALSE
1993,"counterfactual",-48586.7997082621,11,FALSE
1993,"additionality",20545.5333338827,11,FALSE
1994,"project",-46261.3162649572,11,FALSE
1994,"counterfactual",-84123.7991231084,11,FALSE
1994,"additionality",37862.4828581512,11,FALSE
1995,"project",-121466.999270618,11,FALSE
1995,"counterfactual",-125214.865790889,11,FALSE
1995,"additionality",3747.86652027071,11,FALSE
1996,"project",-102343.849013716,11,FALSE
1996,"counterfactual",-169669.981323183,11,FALSE
1996,"additionality",67326.1323094666,11,FALSE
1997,"project",-131807.498465076,11,FALSE
1997,"counterfactual",-194866.481543675,11,FALSE
1997,"additionality",63058.983078599,11,FALSE
1998,"project",-411556.383439541,11,FALSE
1998,"counterfactual",-298632.713634327,11,FALSE
1998,"additionality",-112923.669805214,11,FALSE
1999,"project",-387407.479644015,11,FALSE
1999,"counterfactual",-355099.064038783,11,FALSE
1999,"additionality",-32308.4156052321,11,FALSE
2000,"project",-438175.266736969,11,FALSE
2000,"counterfactual",-271350.051567674,11,FALSE
2000,"additionality",-166825.215169296,11,FALSE
2001,"project",-164355.235667363,11,FALSE
2001,"counterfactual",-313335.187598079,11,FALSE
2001,"additionality",148979.951930717,11,FALSE
2002,"project",-167814.110070407,11,FALSE
2002,"counterfactual",-108417.198977262,11,FALSE
2002,"additionality",-59396.9110931456,11,FALSE
2003,"project",-220582.26447475,11,FALSE
2003,"counterfactual",-177779.822612792,11,FALSE
2003,"additionality",-42802.4418619573,11,FALSE
2004,"project",-126867.53946127,11,FALSE
2004,"counterfactual",-164730.022319406,11,FALSE
2004,"additionality",37862.4828581363,11,FALSE
2005,"project",-187456.543037966,11,FALSE
2005,"counterfactual",-308395.228594303,11,FALSE
2005,"additionality",120938.685556337,11,FALSE
2006,"project",-347305.307877362,11,FALSE
2006,"counterfactual",-291836.883377746,11,FALSE
2006,"additionality",-55468.424499616,11,FALSE
2007,"project",-379767.250544935,11,FALSE
2007,"counterfactual",-291136.980593845,11,FALSE
2007,"additionality",-88630.2699510902,11,FALSE
2008,"project",-158078.688121423,11,TRUE
2008,"counterfactual",-143376.214157656,11,TRUE
2008,"additionality",-14702.4739637673,11,TRUE
2009,"project",-171706.472649261,11,TRUE
2009,"counterfactual",-270446.951201349,11,TRUE
2009,"additionality",98740.4785520881,11,TRUE
2010,"project",-160079.055432841,11,TRUE
2010,"counterfactual",-261903.621735916,11,TRUE
2010,"additionality",101824.566303074,11,TRUE
2011,"project",-243828.067903921,11,TRUE
2011,"counterfactual",-134074.280384526,11,TRUE
2011,"additionality",-109753.787519395,11,TRUE
2012,"project",-249901.417867482,11,TRUE
2012,"counterfactual",-187745.535155192,11,TRUE
2012,"additionality",-62155.8827122897,11,TRUE
2013,"project",-454300.123777673,11,TRUE
2013,"counterfactual",-317083.05411835,11,TRUE
2013,"additionality",-137217.069659323,11,TRUE
2014,"project",-46202.6147411615,11,TRUE
2014,"counterfactual",-313335.187598065,11,TRUE
2014,"additionality",267132.572856903,11,TRUE
2015,"project",-182855.246671528,11,TRUE
2015,"counterfactual",-137063.54259707,11,TRUE
2015,"additionality",-45791.7040744573,11,TRUE
2016,"project",-198980.103712261,11,TRUE
2016,"counterfactual",-218803.156753093,11,TRUE
2016,"additionality",19823.0530408323,11,TRUE
2017,"project",-152407.217820928,11,TRUE
2017,"counterfactual",-222203.329632297,11,TRUE
2017,"additionality",69796.1118113697,11,TRUE
2018,"project",-84295.3881927133,11,TRUE
2018,"counterfactual",-198641.441074878,11,TRUE
2018,"additionality",114346.052882165,11,TRUE
2019,"project",-21733.110315606,11,TRUE
2019,"counterfactual",-163795.313440263,11,TRUE
2019,"additionality",142062.203124657,11,TRUE
2020,"project",-251084.479347333,11,TRUE
2020,"counterfactual",-273436.213413879,11,TRUE
2020,"additionality",22351.734066546,11,TRUE
2021,"project",-149404.409102902,11,TRUE
2021,"counterfactual",-232634.13886334,11,TRUE
2021,"additionality",83229.7297604382,11,TRUE
1991,"project",-58408.0161920339,12,FALSE
1991,"counterfactual",-30366.7498176545,12,FALSE
1991,"additionality",-28041.2663743794,12,FALSE
1992,"project",-42513.4497447014,12,FALSE
1992,"counterfactual",-30366.7498176396,12,FALSE
1992,"additionality",-12146.6999270618,12,FALSE
1993,"project",-30366.7498176694,12,FALSE
1993,"counterfactual",-24293.3998541385,12,FALSE
1993,"additionality",-6073.3499635309,12,FALSE
1994,"project",-94848.1159732342,12,FALSE
1994,"counterfactual",-65903.7492325306,12,FALSE
1994,"additionality",-28944.3667407036,12,FALSE
1995,"project",-97173.5994164944,12,FALSE
1995,"counterfactual",-103246.94938004,12,FALSE
1995,"additionality",6073.3499635458,12,FALSE
1996,"project",-132710.5988314,12,FALSE
1996,"counterfactual",-170573.081689522,12,FALSE
1996,"additionality",37862.4828581214,12,FALSE
1997,"project",-139303.231505543,12,FALSE
1997,"counterfactual",-159329.482128784,12,FALSE
1997,"additionality",20026.2506232411,12,FALSE
1998,"project",-433668.795908973,12,FALSE
1998,"counterfactual",-292559.363670811,12,FALSE
1998,"additionality",-141109.432238162,12,FALSE
1999,"project",-351870.480229169,12,FALSE
1999,"counterfactual",-350448.097152188,12,FALSE
1999,"additionality",-1422.38307698071,12,FALSE
2000,"project",-551907.211370006,12,FALSE
2000,"counterfactual",-266699.084681109,12,FALSE
2000,"additionality",-285208.126688898,12,FALSE
2001,"project",-133699.493732512,12,FALSE
2001,"counterfactual",-401206.853241459,12,FALSE
2001,"additionality",267507.359508947,12,FALSE
2002,"project",-109117.101761147,12,FALSE
2002,"counterfactual",-90138.4475628436,12,FALSE
2002,"additionality",-18978.6541983038,12,FALSE
2003,"project",-268496.254410073,12,FALSE
2003,"counterfactual",-248709.325383902,12,FALSE
2003,"additionality",-19786.9290261716,12,FALSE
2004,"project",-149738.556238443,12,FALSE
2004,"counterfactual",-213316.822027668,12,FALSE
2004,"additionality",63578.2657892257,12,FALSE
2005,"project",-137591.856311366,12,FALSE
2005,"counterfactual",-378864.150178626,12,FALSE
2005,"additionality",241272.29386726,12,FALSE
2006,"project",-265940.480373397,12,FALSE
2006,"counterfactual",-213172.32596904,12,FALSE
2006,"additionality",-52768.1544043571,12,FALSE
2007,"project",-452877.740700707,12,FALSE
2007,"counterfactual",-252082.405252144,12,FALSE
2007,"additionality",-200795.335448563,12,FALSE
2008,"project",-176443.234070629,12,TRUE
2008,"counterfactual",-125156.164267063,12,TRUE
2008,"additionality",-51287.0698035657,12,TRUE
2009,"project",-130096.123270869,12,TRUE
2009,"counterfactual",-305839.454557613,12,TRUE
2009,"additionality",175743.331286743,12,TRUE
2010,"project",-181383.193074435,12,TRUE
2010,"counterfactual",-332602.833913609,12,TRUE
2010,"additionality",151219.640839174,12,TRUE
2011,"project",-208665.855141073,12,TRUE
2011,"counterfactual",-154475.31765981,12,TRUE
2011,"additionality",-54190.5374812633,12,TRUE
2012,"project",-218198.079507664,12,TRUE
2012,"counterfactual",-161126.651857749,12,TRUE
2012,"additionality",-57071.4276499152,12,TRUE
2013,"project",-372032.195907339,12,TRUE
2013,"counterfactual",-320456.133986577,12,TRUE
2013,"additionality",-51576.0619207621,12,TRUE
2014,"project",-29115.9558103085,12,TRUE
2014,"counterfactual",-330652.137122363,12,TRUE
2014,"additionality",301536.181312054,12,TRUE
2015,"project",-183230.033323556,12,TRUE
2015,"counterfactual",-123435.758069217,12,TRUE
2015,"additionality",-59794.275254339,12,TRUE
2016,"project",-285488.087802485,12,TRUE
2016,"counterfactual",-259424.611230358,12,TRUE
2016,"additionality",-26063.4765721262,12,TRUE
2017,"project",-98912.067621693,12,TRUE
2017,"counterfactual",-222492.321749538,12,TRUE
2017,"additionality",123580.254127845,12,TRUE
2018,"project",-91298.9315335751,12,TRUE
2018,"counterfactual",-199919.328093231,12,TRUE
2018,"additionality",108620.396559656,12,TRUE
2019,"project",-92491.0240170956,12,TRUE
2019,"counterfactual",-220695.152020529,12,TRUE
2019,"additionality",128204.128003433,12,TRUE
2020,"project",-181432.863594592,12,TRUE
2020,"counterfactual",-240224.697442308,12,TRUE
2020,"additionality",58791.8338477165,12,TRUE
2021,"project",-181432.863594577,12,TRUE
2021,"counterfactual",-245011.129383817,12,TRUE
2021,"additionality",63578.2657892406,12,TRUE
1991,"project",-91110.4705064148,13,FALSE
1991,"counterfactual",-42518.2195696682,13,FALSE
1991,"additionality",-48592.2509367466,13,FALSE
1992,"project",-36444.1882025748,13,FALSE
1992,"counterfactual",-36444.1882025898,13,FALSE
1992,"additionality",1.49011611938477e-08,13,FALSE
1993,"project",-24296.1254683733,13,FALSE
1993,"counterfactual",-58414.5693184882,13,FALSE
1993,"additionality",34118.4438501149,13,FALSE
1994,"project",-34118.4438501298,13,FALSE
1994,"counterfactual",-84133.2374490798,13,FALSE
1994,"additionality",50014.7935989499,13,FALSE
1995,"project",-78962.407772243,13,FALSE
1995,"counterfactual",-113080.851622358,13,FALSE
1995,"additionality",34118.4438501149,13,FALSE
1996,"project",-136473.77540046,13,FALSE
1996,"counterfactual",-170592.219250575,13,FALSE
1996,"additionality",34118.4438501149,13,FALSE
1997,"project",-151466.923459053,13,FALSE
1997,"counterfactual",-172917.96360302,13,FALSE
1997,"additionality",21451.0401439667,13,FALSE
1998,"project",-316888.313032761,13,FALSE
1998,"counterfactual",-273466.891772866,13,FALSE
1998,"additionality",-43421.421259895,13,FALSE
1999,"project",-404769.837496489,13,FALSE
1999,"counterfactual",-270621.806448475,13,FALSE
1999,"additionality",-134148.031048015,13,FALSE
2000,"project",-454265.290123522,13,FALSE
2000,"counterfactual",-200817.863815621,13,FALSE
2000,"additionality",-253447.426307902,13,FALSE
2001,"project",-155684.875352591,13,FALSE
2001,"counterfactual",-288554.876008883,13,FALSE
2001,"additionality",132870.000656292,13,FALSE
2002,"project",-146996.075092167,13,FALSE
2002,"counterfactual",-150130.184957415,13,FALSE
2002,"additionality",3134.1098652482,13,FALSE
2003,"project",-268526.37852706,13,FALSE
2003,"counterfactual",-216944.529995471,13,FALSE
2003,"additionality",-51581.8485315889,13,FALSE
2004,"project",-102441.135710925,13,FALSE
2004,"counterfactual",-219270.274347931,13,FALSE
2004,"additionality",116829.138637006,13,FALSE
2005,"project",-177944.281009421,13,FALSE
2005,"counterfactual",-353707.329936802,13,FALSE
2005,"additionality",175763.048927382,13,FALSE
2006,"project",-304740.250298589,13,FALSE
2006,"counterfactual",-206833.187072843,13,FALSE
2006,"additionality",-97907.0632257462,13,FALSE
2007,"project",-518695.182699233,13,FALSE
2007,"counterfactual",-303173.195365965,13,FALSE
2007,"additionality",-215521.987333268,13,FALSE
2008,"project",-185007.318227366,13,TRUE
2008,"counterfactual",-205844.181221992,13,TRUE
2008,"additionality",20836.8629946262,13,TRUE
2009,"project",-180789.366333812,13,TRUE
2009,"counterfactual",-239059.42338185,13,TRUE
2009,"additionality",58270.0570480376,13,TRUE
2010,"project",-131763.578585654,13,TRUE
2010,"counterfactual",-322059.142709583,13,TRUE
2010,"additionality",190295.564123929,13,TRUE
2011,"project",-157915.783527598,13,TRUE
2011,"counterfactual",-148274.105483934,13,TRUE
2011,"additionality",-9641.6780436635,13,TRUE
2012,"project",-232457.019025922,13,TRUE
2012,"counterfactual",-187007.909971297,13,TRUE
2012,"additionality",-45449.109054625,13,TRUE
2013,"project",-528278.152633071,13,TRUE
2013,"counterfactual",-296895.943618566,13,TRUE
2013,"additionality",-231382.209014505,13,TRUE
2014,"project",-27841.1921026856,13,TRUE
2014,"counterfactual",-290352.247372538,13,TRUE
2014,"additionality",262511.055269852,13,TRUE
2015,"project",-214293.633034527,13,TRUE
2015,"counterfactual",-124930.85779874,13,TRUE
2015,"additionality",-89362.775235787,13,TRUE
2016,"project",-163438.861863598,13,TRUE
2016,"counterfactual",-211475.64376086,13,TRUE
2016,"additionality",48036.7818972617,13,TRUE
2017,"project",-178788.774589837,13,TRUE
2017,"counterfactual",-174683.722907528,13,TRUE
2017,"additionality",-4105.05168230832,13,TRUE
2018,"project",-89972.4363766909,13,TRUE
2018,"counterfactual",-219297.370398641,13,TRUE
2018,"additionality",129324.93402195,13,TRUE
2019,"project",-55709.4802561402,13,TRUE
2019,"counterfactual",-131876.478796959,13,TRUE
2019,"additionality",76166.9985408187,13,TRUE
2020,"project",-229526.12954098,13,TRUE
2020,"counterfactual",-272044.349110663,13,TRUE
2020,"additionality",42518.2195696831,13,TRUE
2021,"project",-92668.4934221506,13,TRUE
2021,"counterfactual",-220859.909322813,13,TRUE
2021,"additionality",128191.415900663,13,TRUE
1991,"project",-72880.1995623708,14,FALSE
1991,"counterfactual",-54660.1496717632,14,FALSE
1991,"additionality",-18220.0498906076,14,FALSE
1992,"project",-42513.4497447163,14,FALSE
1992,"counterfactual",-30366.7498176545,14,FALSE
1992,"additionality",-12146.6999270618,14,FALSE
1993,"project",-34114.6163379252,14,FALSE
1993,"counterfactual",-30366.7498176843,14,FALSE
1993,"additionality",-3747.8665202409,14,FALSE
1994,"project",-36440.0997811705,14,FALSE
1994,"counterfactual",-69651.6157527566,14,FALSE
1994,"additionality",33211.5159715861,14,FALSE
1995,"project",-59830.3992689997,14,FALSE
1995,"counterfactual",-133613.699197695,14,FALSE
1995,"additionality",73783.299928695,14,FALSE
1996,"project",-131807.498465061,14,FALSE
1996,"counterfactual",-110742.682420537,14,FALSE
1996,"additionality",-21064.8160445243,14,FALSE
1997,"project",-104669.332457006,14,FALSE
1997,"counterfactual",-172898.565132841,14,FALSE
1997,"additionality",68229.2326758355,14,FALSE
1998,"project",-401360.380303741,14,FALSE
1998,"counterfactual",-296307.230191022,14,FALSE
1998,"additionality",-105053.150112718,14,FALSE
1999,"project",-430824.029755056,14,FALSE
1999,"counterfactual",-378489.363526568,14,FALSE
1999,"additionality",-52334.6662284881,14,FALSE
2000,"project",-404146.444933847,14,FALSE
2000,"counterfactual",-269024.568124399,14,FALSE
2000,"additionality",-135121.876809448,14,FALSE
2001,"project",-122889.382347614,14,FALSE
2001,"counterfactual",-278845.78460817,14,FALSE
2001,"additionality",155956.402260557,14,FALSE
2002,"project",-184900.76900126,14,FALSE
2002,"counterfactual",-69362.6236355305,14,FALSE
2002,"additionality",-115538.14536573,14,FALSE
2003,"project",-217209.184606522,14,FALSE
2003,"counterfactual",-202217.718525544,14,FALSE
2003,"additionality",-14991.4660809785,14,FALSE
2004,"project",-136833.25200367,14,FALSE
2004,"counterfactual",-204014.888254523,14,FALSE
2004,"additionality",67181.6362508535,14,FALSE
2005,"project",-143809.702333495,14,FALSE
2005,"counterfactual",-315285.884389371,14,FALSE
2005,"additionality",171476.182055876,14,FALSE
2006,"project",-230403.480958492,14,FALSE
2006,"counterfactual",-214594.709045991,14,FALSE
2006,"additionality",-15808.7719125003,14,FALSE
2007,"project",-475134.649228796,14,FALSE
2007,"counterfactual",-235054.447845086,14,FALSE
2007,"additionality",-240080.20138371,14,FALSE
2008,"project",-136110.771710575,14,TRUE
2008,"counterfactual",-153341.926700056,14,TRUE
2008,"additionality",17231.154989481,14,TRUE
2009,"project",-110742.682420552,14,TRUE
2009,"counterfactual",-277942.684241861,14,TRUE
2009,"additionality",167200.001821309,14,TRUE
2010,"project",-136544.259886414,14,TRUE
2010,"counterfactual",-296018.238073826,14,TRUE
2010,"additionality",159473.978187412,14,TRUE
2011,"project",-156859.502626881,14,TRUE
2011,"counterfactual",-120360.701321885,14,TRUE
2011,"additionality",-36498.801304996,14,TRUE
2012,"project",-281920.841355503,14,TRUE
2012,"counterfactual",-166296.901454985,14,TRUE
2012,"additionality",-115623.939900517,14,TRUE
2013,"project",-408463.264684901,14,TRUE
2013,"counterfactual",-298863.004227743,14,TRUE
2013,"additionality",-109600.260457158,14,TRUE
2014,"project",-29260.4518688917,14,TRUE
2014,"counterfactual",-254638.179288834,14,TRUE
2014,"additionality",225377.727419943,14,TRUE
2015,"project",-255794.147757739,14,TRUE
2015,"counterfactual",-158801.168414474,14,TRUE
2015,"additionality",-96992.9793432653,14,TRUE
2016,"project",-278633.556022093,14,TRUE
2016,"counterfactual",-309962.107729882,14,TRUE
2016,"additionality",31328.5517077893,14,TRUE
2017,"project",-122184.964061841,14,TRUE
2017,"counterfactual",-172194.146847069,14,TRUE
2017,"additionality",50009.1827852279,14,TRUE
2018,"project",-81708.0056432039,14,TRUE
2018,"counterfactual",-202389.307595149,14,TRUE
2018,"additionality",120681.301951945,14,TRUE
2019,"project",-47448.8932466954,14,TRUE
2019,"counterfactual",-180389.782671481,14,TRUE
2019,"additionality",132940.889424786,14,TRUE
2020,"project",-211799.613412231,14,TRUE
2020,"counterfactual",-324348.496565431,14,TRUE
2020,"additionality",112548.8831532,14,TRUE
2021,"project",-184277.629748508,14,TRUE
2021,"counterfactual",-181491.565118372,14,TRUE
2021,"additionality",-2786.06463013589,14,TRUE
1991,"project",-113068.165863842,15,FALSE
1991,"counterfactual",-54660.1496717781,15,FALSE
1991,"additionality",-58408.0161920637,15,FALSE
1992,"project",-24293.3998541087,15,FALSE
1992,"counterfactual",-54660.1496718079,15,FALSE
1992,"additionality",30366.7498176992,15,FALSE
1993,"project",-31644.6368360072,15,FALSE
1993,"counterfactual",-48586.7997082621,15,FALSE
1993,"additionality",16942.1628722548,15,FALSE
1994,"project",-40187.9663014412,15,FALSE
1994,"counterfactual",-64481.3661555499,15,FALSE
1994,"additionality",24293.3998541087,15,FALSE
1995,"project",-86449.2825664133,15,FALSE
1995,"counterfactual",-179875.015462682,15,FALSE
1995,"additionality",93425.7328962684,15,FALSE
1996,"project",-106994.815900266,15,FALSE
1996,"counterfactual",-179491.197806969,15,FALSE
1996,"additionality",72496.3819067031,15,FALSE
1997,"project",-165922.114802971,15,FALSE
1997,"counterfactual",-130385.115388095,15,FALSE
1997,"additionality",-35536.9994148761,15,FALSE
1998,"project",-400976.562648058,15,FALSE
1998,"counterfactual",-322926.113488436,15,FALSE
1998,"additionality",-78050.4491596222,15,FALSE
1999,"project",-419955.216846347,15,FALSE
1999,"counterfactual",-403302.046091348,15,FALSE
1999,"additionality",-16653.1707549989,15,FALSE
2000,"project",-561209.145143166,15,FALSE
2000,"counterfactual",-300669.204960406,15,FALSE
2000,"additionality",-260539.94018276,15,FALSE
2001,"project",-196902.972869739,15,FALSE
2001,"counterfactual",-273531.038952336,15,FALSE
2001,"additionality",76628.0660825968,15,FALSE
2002,"project",-128818.236252517,15,FALSE
2002,"counterfactual",-123119.672941029,15,FALSE
2002,"additionality",-5698.56331148744,15,FALSE
2003,"project",-269543.85083501,15,FALSE
2003,"counterfactual",-225752.514071941,15,FALSE
2003,"additionality",-43791.336763069,15,FALSE
2004,"project",-155139.096429035,15,FALSE
2004,"counterfactual",-185072.35807085,15,FALSE
2004,"additionality",29933.2616418153,15,FALSE
2005,"project",-130096.123270884,15,FALSE
2005,"counterfactual",-328854.967393398,15,FALSE
2005,"additionality",198758.844122514,15,FALSE
2006,"project",-275242.414146513,15,FALSE
2006,"counterfactual",-270302.455142736,15,FALSE
2006,"additionality",-4939.95900377631,15,FALSE
2007,"project",-458576.304012224,15,FALSE
2007,"counterfactual",-270446.951201335,15,FALSE
2007,"additionality",-188129.352810889,15,FALSE
2008,"project",-214161.220870182,15,TRUE
2008,"counterfactual",-178538.426920518,15,TRUE
2008,"additionality",-35622.7939496636,15,TRUE
2009,"project",-191118.615023389,15,TRUE
2009,"counterfactual",-284016.034205362,15,TRUE
2009,"additionality",92897.4191819727,15,TRUE
2010,"project",-119602.097014219,15,TRUE
2010,"counterfactual",-286197.021590054,15,TRUE
2010,"additionality",166594.924575835,15,TRUE
2011,"project",-159934.559374198,15,TRUE
2011,"counterfactual",-156945.297161698,15,TRUE
2011,"additionality",-2989.26221249998,15,TRUE
2012,"project",-295489.924359515,15,TRUE
2012,"counterfactual",-171092.364400178,15,TRUE
2012,"additionality",-124397.559959337,15,TRUE
2013,"project",-426719.438590139,15,TRUE
2013,"counterfactual",-281776.34529686,15,TRUE
2013,"additionality",-144943.093293279,15,TRUE
2014,"project",9938.61953140795,15,TRUE
2014,"counterfactual",-319927.820272267,15,TRUE
2014,"additionality",329866.439803675,15,TRUE
2015,"project",-197711.247697562,15,TRUE
2015,"counterfactual",-160223.551491439,15,TRUE
2015,"additionality",-37487.6962061226,15,TRUE
2016,"project",-279766.946981832,15,TRUE
2016,"counterfactual",-244288.649090767,15,TRUE
2016,"additionality",-35478.2978910655,15,TRUE
2017,"project",-119398.89943175,15,TRUE
2017,"counterfactual",-169493.876751766,15,TRUE
2017,"additionality",50094.9773200154,15,TRUE
2018,"project",-162490.333410919,15,TRUE
2018,"counterfactual",-208403.956034854,15,TRUE
2018,"additionality",45913.6226239353,15,TRUE
2019,"project",-43990.0188436657,15,TRUE
2019,"counterfactual",-151445.415930778,15,TRUE
2019,"additionality",107455.397087112,15,TRUE
2020,"project",-188409.313924417,15,TRUE
2020,"counterfactual",-282738.147187039,15,TRUE
2020,"additionality",94328.8332626224,15,TRUE
2021,"project",-137497.030772924,15,TRUE
2021,"counterfactual",-257157.829310879,15,TRUE
2021,"additionality",119660.798537955,15,TRUE
1991,"project",-125214.865790859,16,FALSE
1991,"counterfactual",-60733.4996352941,16,FALSE
1991,"additionality",-64481.3661555648,16,FALSE
1992,"project",-58408.0161920637,16,FALSE
1992,"counterfactual",-48586.7997082621,16,FALSE
1992,"additionality",-9821.2164838016,16,FALSE
1993,"project",-40187.9663014412,16,FALSE
1993,"counterfactual",-42513.4497447163,16,FALSE
1993,"additionality",2325.48344327509,16,FALSE
1994,"project",-46261.3162649572,16,FALSE
1994,"counterfactual",-98595.9824934602,16,FALSE
1994,"additionality",52334.666228503,16,FALSE
1995,"project",-78953.5495259166,16,FALSE
1995,"counterfactual",-128818.236252531,16,FALSE
1995,"additionality",49864.6867266148,16,FALSE
1996,"project",-170573.081689522,16,FALSE
1996,"counterfactual",-175224.048576087,16,FALSE
1996,"additionality",4650.96688656509,16,FALSE
1997,"project",-141484.21889022,16,FALSE
1997,"counterfactual",-163077.34864907,16,FALSE
1997,"additionality",21593.1297588497,16,FALSE
1998,"project",-373693.900581375,16,FALSE
1998,"counterfactual",-282738.147186995,16,FALSE
1998,"additionality",-90955.7533943802,16,FALSE
1999,"project",-386888.196933389,16,FALSE
1999,"counterfactual",-414026.362941459,16,FALSE
1999,"additionality",27138.1660080701,16,FALSE
2000,"project",-418388.337710813,16,FALSE
2000,"counterfactual",-245634.268636569,16,FALSE
2000,"additionality",-172754.069074243,16,FALSE
2001,"project",-160462.873088509,16,FALSE
2001,"counterfactual",-326154.697298065,16,FALSE
2001,"additionality",165691.824209556,16,FALSE
2002,"project",-223666.352225736,16,FALSE
2002,"counterfactual",-54890.4402651936,16,FALSE
2002,"additionality",-168775.911960542,16,FALSE
2003,"project",-220582.264474764,16,FALSE
2003,"counterfactual",-199603.242965057,16,FALSE
2003,"additionality",-20979.021509707,16,FALSE
2004,"project",-135641.15952009,16,FALSE
2004,"counterfactual",-182950.072209984,16,FALSE
2004,"additionality",47308.9126898944,16,FALSE
2005,"project",-156100.89831917,16,FALSE
2005,"counterfactual",-406002.316186666,16,FALSE
2005,"additionality",249901.417867497,16,FALSE
2006,"project",-285063.630630314,16,FALSE
2006,"counterfactual",-176212.943477213,16,FALSE
2006,"additionality",-108850.687153101,16,FALSE
2007,"project",-416062.854267493,16,FALSE
2007,"counterfactual",-275242.414146528,16,FALSE
2007,"additionality",-140820.440120965,16,FALSE
2008,"project",-243539.075786725,16,TRUE
2008,"counterfactual",-195999.8725034,16,TRUE
2008,"additionality",-47539.2032833248,16,TRUE
2009,"project",-193529.893001497,16,TRUE
2009,"counterfactual",-219390.171991199,16,TRUE
2009,"additionality",25860.2789897025,16,TRUE
2010,"project",-140581.118523866,16,TRUE
2010,"counterfactual",-278845.784608155,16,TRUE
2010,"additionality",138264.66608429,16,TRUE
2011,"project",-147702.064912394,16,TRUE
2011,"counterfactual",-126086.357644364,16,TRUE
2011,"additionality",-21615.7072680295,16,TRUE
2012,"project",-252601.687962756,16,TRUE
2012,"counterfactual",-204159.384313151,16,TRUE
2012,"additionality",-48442.3036496043,16,TRUE
2013,"project",-456241.78956528,16,TRUE
2013,"counterfactual",-300899.495553806,16,TRUE
2013,"additionality",-155342.294011474,16,TRUE
2014,"project",-29115.9558102936,16,TRUE
2014,"counterfactual",-296912.307436481,16,TRUE
2014,"additionality",267796.351626188,16,TRUE
2015,"project",-185700.012825459,16,TRUE
2015,"counterfactual",-148451.638216421,16,TRUE
2015,"additionality",-37248.3746090382,16,TRUE
2016,"project",-225368.696416274,16,TRUE
2016,"counterfactual",-194134.970246926,16,TRUE
2016,"additionality",-31233.7261693478,16,TRUE
2017,"project",-111000.066024929,16,TRUE
2017,"counterfactual",-168215.989733428,16,TRUE
2017,"additionality",57215.9237084985,16,TRUE
2018,"project",-66919.737144649,16,TRUE
2018,"counterfactual",-229008.190892562,16,TRUE
2018,"additionality",162088.453747913,16,TRUE
2019,"project",-68197.6241629869,16,TRUE
2019,"counterfactual",-139416.119051322,16,TRUE
2019,"additionality",71218.4948883355,16,TRUE
2020,"project",-123408.66505824,16,TRUE
2020,"counterfactual",-275761.696857154,16,TRUE
2020,"additionality",152353.031798914,16,TRUE
2021,"project",-160128.725952983,16,TRUE
2021,"counterfactual",-231645.243962228,16,TRUE
2021,"additionality",71516.5180092454,16,TRUE
1991,"project",-127540.349234179,17,FALSE
1991,"counterfactual",-78953.5495259017,17,FALSE
1991,"additionality",-48586.799708277,17,FALSE
1992,"project",-48586.7997082472,17,FALSE
1992,"counterfactual",-42513.4497447163,17,FALSE
1992,"additionality",-6073.3499635309,17,FALSE
1993,"project",-18220.0498905927,17,FALSE
1993,"counterfactual",-24293.3998541236,17,FALSE
1993,"additionality",6073.3499635309,17,FALSE
1994,"project",-24293.3998541236,17,FALSE
1994,"counterfactual",-80375.9326028973,17,FALSE
1994,"additionality",56082.5327487737,17,FALSE
1995,"project",-125214.865790889,17,FALSE
1995,"counterfactual",-136458.465351611,17,FALSE
1995,"additionality",11243.5995607227,17,FALSE
1996,"project",-157523.281396136,17,FALSE
1996,"counterfactual",-213605.814144894,17,FALSE
1996,"additionality",56082.5327487588,17,FALSE
1997,"project",-161271.147916391,17,FALSE
1997,"counterfactual",-230403.480958506,17,FALSE
1997,"additionality",69132.333042115,17,FALSE
1998,"project",-396325.595761493,17,FALSE
1998,"counterfactual",-246298.047405839,17,FALSE
1998,"additionality",-150027.548355654,17,FALSE
1999,"project",-404205.146457657,17,FALSE
1999,"counterfactual",-405627.529534608,17,FALSE
1999,"additionality",1422.38307695091,17,FALSE
2000,"project",-516081.219837919,17,FALSE
2000,"counterfactual",-210472.055873767,17,FALSE
2000,"additionality",-305609.163964152,17,FALSE
2001,"project",-211749.942892104,17,FALSE
2001,"counterfactual",-306887.05098252,17,FALSE
2001,"additionality",95137.1080904156,17,FALSE
2002,"project",-127626.143768951,17,FALSE
2002,"counterfactual",-142847.90044336,17,FALSE
2002,"additionality",15221.7566744089,17,FALSE
2003,"project",-242021.867171302,17,FALSE
2003,"counterfactual",-201314.618159235,17,FALSE
2003,"additionality",-40707.2490120679,17,FALSE
2004,"project",-159704.268780813,17,FALSE
2004,"counterfactual",-266554.588622466,17,FALSE
2004,"additionality",106850.319841653,17,FALSE
2005,"project",-197508.050115138,17,FALSE
2005,"counterfactual",-266699.084681109,17,FALSE
2005,"additionality",69191.0345659703,17,FALSE
2006,"project",-238513.322248116,17,FALSE
2006,"counterfactual",-201639.734291077,17,FALSE
2006,"additionality",-36873.5879570395,17,FALSE
2007,"project",-413592.874765605,17,FALSE
2007,"counterfactual",-283727.042088166,17,FALSE
2007,"additionality",-129865.832677439,17,FALSE
2008,"project",-154245.02706638,17,TRUE
2008,"counterfactual",-144943.093293235,17,TRUE
2008,"additionality",-9301.93377314508,17,TRUE
2009,"project",-180394.298173308,17,TRUE
2009,"counterfactual",-277798.188183233,17,TRUE
2009,"additionality",97403.8900099248,17,TRUE
2010,"project",-153861.209410697,17,TRUE
2010,"counterfactual",-314238.287964433,17,TRUE
2010,"additionality",160377.078553736,17,TRUE
2011,"project",-127012.035519853,17,TRUE
2011,"counterfactual",-116843.12539503,17,TRUE
2011,"additionality",-10168.9101248235,17,TRUE
2012,"project",-282440.124066144,17,TRUE
2012,"counterfactual",-222523.930262357,17,TRUE
2012,"additionality",-59916.1938037872,17,TRUE
2013,"project",-429392.615674466,17,TRUE
2013,"counterfactual",-275472.704739943,17,TRUE
2013,"additionality",-153919.910934523,17,TRUE
2014,"project",-45213.7198400199,17,TRUE
2014,"counterfactual",-285754.502410531,17,TRUE
2014,"additionality",240540.782570511,17,TRUE
2015,"project",-176262.61399737,17,TRUE
2015,"counterfactual",-155717.080663502,17,TRUE
2015,"additionality",-20545.5333338678,17,TRUE
2016,"project",-230805.360621527,17,TRUE
2016,"counterfactual",-269918.637487054,17,TRUE
2016,"additionality",39113.276865527,17,TRUE
2017,"project",-105915.610962525,17,TRUE
2017,"counterfactual",-179170.597176939,17,TRUE
2017,"additionality",73254.9862144142,17,TRUE
2018,"project",-72789.8895257711,17,TRUE
2018,"counterfactual",-252484.284915149,17,TRUE
2018,"additionality",179694.395389378,17,TRUE
2019,"project",-36263.9952097535,17,TRUE
2019,"counterfactual",-179459.58929415,17,TRUE
2019,"additionality",143195.594084397,17,TRUE
2020,"project",-283776.712608308,17,TRUE
2020,"counterfactual",-268265.963816687,17,TRUE
2020,"additionality",-15510.7487916201,17,TRUE
2021,"project",-71737.7775989622,17,TRUE
2021,"counterfactual",-182624.956078112,17,TRUE
2021,"additionality",110887.17847915,17,TRUE
1991,"project",-60733.4996352941,18,FALSE
1991,"counterfactual",-91100.2494529784,18,FALSE
1991,"additionality",30366.7498176843,18,FALSE
1992,"project",-36440.0997812003,18,FALSE
1992,"counterfactual",-48586.7997082621,18,FALSE
1992,"additionality",12146.6999270618,18,FALSE
1993,"project",-12146.6999270618,18,FALSE
1993,"counterfactual",-24293.3998541087,18,FALSE
1993,"additionality",12146.6999270469,18,FALSE
1994,"project",-63578.2657892555,18,FALSE
1994,"counterfactual",-96270.4990502,18,FALSE
1994,"additionality",32692.2332609445,18,FALSE
1995,"project",-85026.8994894326,18,FALSE
1995,"counterfactual",-135036.08227466,18,FALSE
1995,"additionality",50009.1827852279,18,FALSE
1996,"project",-132710.59883137,18,FALSE
1996,"counterfactual",-191118.615023404,18,FALSE
1996,"additionality",58408.0161920339,18,FALSE
1997,"project",-173417.847843468,18,FALSE
1997,"counterfactual",-154678.515242204,18,FALSE
1997,"additionality",-18739.3326012641,18,FALSE
1998,"project",-359221.717211023,18,FALSE
1998,"counterfactual",-280412.663743749,18,FALSE
1998,"additionality",-78809.0534672737,18,FALSE
1999,"project",-362594.797079265,18,FALSE
1999,"counterfactual",-300438.91436699,18,FALSE
1999,"additionality",-62155.8827122748,18,FALSE
2000,"project",-499053.262430891,18,FALSE
2000,"counterfactual",-216545.405837268,18,FALSE
2000,"additionality",-282507.856593624,18,FALSE
2001,"project",-97259.3939513117,18,FALSE
2001,"counterfactual",-332602.833913624,18,FALSE
2001,"additionality",235343.439962313,18,FALSE
2002,"project",-172754.069074199,18,FALSE
2002,"counterfactual",-79183.8401193172,18,FALSE
2002,"additionality",-93570.2289548814,18,FALSE
2003,"project",-225752.514071941,18,FALSE
2003,"counterfactual",-240599.484094322,18,FALSE
2003,"additionality",14846.9700223804,18,FALSE
2004,"project",-91475.0361050218,18,FALSE
2004,"counterfactual",-208435.564547703,18,FALSE
2004,"additionality",116960.528442681,18,FALSE
2005,"project",-180769.084825307,18,FALSE
2005,"counterfactual",-340857.171261817,18,FALSE
2005,"additionality",160088.08643651,18,FALSE
2006,"project",-303283.680520907,18,FALSE
2006,"counterfactual",-240080.201383695,18,FALSE
2006,"additionality",-63203.479137212,18,FALSE
2007,"project",-510152.365933001,18,FALSE
2007,"counterfactual",-196144.368561983,18,FALSE
2007,"additionality",-314007.997371018,18,FALSE
2008,"project",-105658.227358133,18,TRUE
2008,"counterfactual",-205821.088987172,18,TRUE
2008,"additionality",100162.861629039,18,TRUE
2009,"project",-204917.988620862,18,TRUE
2009,"counterfactual",-259433.642234027,18,TRUE
2009,"additionality",54515.653613165,18,TRUE
2010,"project",-150257.838949054,18,TRUE
2010,"counterfactual",-276375.805106267,18,TRUE
2010,"additionality",126117.966157213,18,TRUE
2011,"project",-131807.498465061,18,TRUE
2011,"counterfactual",-109288.690830767,18,TRUE
2011,"additionality",-22518.807634294,18,TRUE
2012,"project",-254723.973823652,18,TRUE
2012,"counterfactual",-163596.631359667,18,TRUE
2012,"additionality",-91127.3424639851,18,TRUE
2013,"project",-429997.692919835,18,TRUE
2013,"counterfactual",-301802.595920131,18,TRUE
2013,"additionality",-128195.096999705,18,TRUE
2014,"project",261.899106189609,18,TRUE
2014,"counterfactual",-279739.853970811,18,TRUE
2014,"additionality",280001.753077,18,TRUE
2015,"project",-227838.675918147,18,TRUE
2015,"counterfactual",-137208.038655683,18,TRUE
2015,"additionality",-90630.6372624636,18,TRUE
2016,"project",-270465.013208658,18,TRUE
2016,"counterfactual",-281017.740989193,18,TRUE
2016,"additionality",10552.7277805358,18,TRUE
2017,"project",-185447.144722909,18,TRUE
2017,"counterfactual",-161009.248810127,18,TRUE
2017,"additionality",-24437.8959127814,18,TRUE
2018,"project",-96180.1890135556,18,TRUE
2018,"counterfactual",-267448.657985151,18,TRUE
2018,"additionality",171268.468971595,18,TRUE
2019,"project",-72058.3782290369,18,TRUE
2019,"counterfactual",-172049.650788471,18,TRUE
2019,"additionality",99991.2725594342,18,TRUE
2020,"project",-195905.046964914,18,TRUE
2020,"counterfactual",-303283.680520907,18,TRUE
2020,"additionality",107378.633555993,18,TRUE
2021,"project",-112300.530552447,18,TRUE
2021,"counterfactual",-192157.180444673,18,TRUE
2021,"additionality",79856.6498922259,18,TRUE
1991,"project",-72880.1995623708,19,FALSE
1991,"counterfactual",-64481.3661555797,19,FALSE
1991,"additionality",-8398.83340679109,19,FALSE
1992,"project",-42513.4497447312,19,FALSE
1992,"counterfactual",-60733.4996352941,19,FALSE
1992,"additionality",18220.0498905629,19,FALSE
1993,"project",-18220.0498905927,19,FALSE
1993,"counterfactual",-36440.0997812003,19,FALSE
1993,"additionality",18220.0498906076,19,FALSE
1994,"project",-30366.7498176545,19,FALSE
1994,"counterfactual",-84123.7991231382,19,FALSE
1994,"additionality",53757.0493054837,19,FALSE
1995,"project",-100921.46593675,19,FALSE
1995,"counterfactual",-119141.515827343,19,FALSE
1995,"additionality",18220.0498905927,19,FALSE
1996,"project",-90197.1490866691,19,FALSE
1996,"counterfactual",-137880.848428592,19,FALSE
1996,"additionality",47683.699341923,19,FALSE
1997,"project",-120563.898904279,19,FALSE
1997,"counterfactual",-178971.915096328,19,FALSE
1997,"additionality",58408.0161920488,19,FALSE
1998,"project",-404205.146457687,19,FALSE
1998,"counterfactual",-217737.498320818,19,FALSE
1998,"additionality",-186467.648136869,19,FALSE
1999,"project",-434571.896275312,19,FALSE
1999,"counterfactual",-302764.397810265,19,FALSE
1999,"additionality",-131807.498465046,19,FALSE
2000,"project",-477604.628730685,19,FALSE
2000,"counterfactual",-278845.78460817,19,FALSE
2000,"additionality",-198758.844122514,19,FALSE
2001,"project",-182430.789499357,19,FALSE
2001,"counterfactual",-335975.913781852,19,FALSE
2001,"additionality",153545.124282494,19,FALSE
2002,"project",-135036.08227466,19,FALSE
2002,"counterfactual",-133085.385483399,19,FALSE
2002,"additionality",-1950.69679126143,19,FALSE
2003,"project",-203495.605543897,19,FALSE
2003,"counterfactual",-213316.822027668,19,FALSE
2003,"additionality",9821.2164837718,19,FALSE
2004,"project",-146365.476370186,19,FALSE
2004,"counterfactual",-218198.079507634,19,FALSE
2004,"additionality",71832.6031374484,19,FALSE
2005,"project",-192771.288693801,19,FALSE
2005,"counterfactual",-416726.633036777,19,FALSE
2005,"additionality",223955.344342977,19,FALSE
2006,"project",-299535.814000666,19,FALSE
2006,"counterfactual",-200881.129983366,19,FALSE
2006,"additionality",-98654.6840173006,19,FALSE
2007,"project",-488943.053829864,19,FALSE
2007,"counterfactual",-305609.163964182,19,FALSE
2007,"additionality",-183333.889865682,19,FALSE
2008,"project",-218053.583449036,19,TRUE
2008,"counterfactual",-204254.209851593,19,TRUE
2008,"additionality",-13799.3735974431,19,TRUE
2009,"project",-203351.109485283,19,TRUE
2009,"counterfactual",-280498.458278552,19,TRUE
2009,"additionality",77147.3487932682,19,TRUE
2010,"project",-123494.459593028,19,TRUE
2010,"counterfactual",-299766.104594052,19,TRUE
2010,"additionality",176271.645001024,19,TRUE
2011,"project",-189023.422173545,19,TRUE
2011,"counterfactual",-113181.053409621,19,TRUE
2011,"additionality",-75842.3687639236,19,TRUE
2012,"project",-186697.93873024,19,TRUE
2012,"counterfactual",-237754.71794039,19,TRUE
2012,"additionality",51056.7792101502,19,TRUE
2013,"project",-383889.903717205,19,TRUE
2013,"counterfactual",-311912.804521143,19,TRUE
2013,"additionality",-71977.0991960615,19,TRUE
2014,"project",3806.56804406643,19,TRUE
2014,"counterfactual",-312576.583290398,19,TRUE
2014,"additionality",316383.151334465,19,TRUE
2015,"project",-231825.864035487,19,TRUE
2015,"counterfactual",-138196.93355678,19,TRUE
2015,"additionality",-93628.930478707,19,TRUE
2016,"project",-260327.711596683,19,TRUE
2016,"counterfactual",-184313.753763154,19,TRUE
2016,"additionality",-76013.9578335285,19,TRUE
2017,"project",-171552.945586964,19,TRUE
2017,"counterfactual",-180710.383301526,19,TRUE
2017,"additionality",9157.43771456182,19,TRUE
2018,"project",-108530.086523056,19,TRUE
2018,"counterfactual",-164382.32867837,19,TRUE
2018,"additionality",55852.2421553135,19,TRUE
2019,"project",-61835.2820822299,19,TRUE
2019,"counterfactual",-154962.991857603,19,TRUE
2019,"additionality",93127.7097753733,19,TRUE
2020,"project",-197327.430041909,19,TRUE
2020,"counterfactual",-306128.446674839,19,TRUE
2020,"additionality",108801.016632929,19,TRUE
2021,"project",-123024.847402528,19,TRUE
2021,"counterfactual",-202881.497294769,19,TRUE
2021,"additionality",79856.6498922408,19,TRUE
1991,"project",-98451.4864348471,20,FALSE
1991,"counterfactual",-70554.7161190659,20,FALSE
1991,"additionality",-27896.7703157812,20,FALSE
1992,"project",-24293.3998541385,20,FALSE
1992,"counterfactual",-30366.7498176843,20,FALSE
1992,"additionality",6073.3499635458,20,FALSE
1993,"project",-30366.7498176694,20,FALSE
1993,"counterfactual",-52334.6662284881,20,FALSE
1993,"additionality",21967.9164108187,20,FALSE
1994,"project",-70554.7161190808,20,FALSE
1994,"counterfactual",-90197.1490866691,20,FALSE
1994,"additionality",19642.4329675883,20,FALSE
1995,"project",-94848.1159732342,20,FALSE
1995,"counterfactual",-128818.236252502,20,FALSE
1995,"additionality",33970.1202792674,20,FALSE
1996,"project",-158426.38176246,20,FALSE
1996,"counterfactual",-198469.852005288,20,FALSE
1996,"additionality",40043.4702428281,20,FALSE
1997,"project",-102343.849013716,20,FALSE
1997,"counterfactual",-219159.881397799,20,FALSE
1997,"additionality",116816.032384083,20,FALSE
1998,"project",-432246.412832022,20,FALSE
1998,"counterfactual",-228981.097881541,20,FALSE
1998,"additionality",-203265.314950481,20,FALSE
1999,"project",-513525.445801228,20,FALSE
1999,"counterfactual",-320984.447700858,20,FALSE
1999,"additionality",-192540.99810037,20,FALSE
2000,"project",-410653.283073246,20,FALSE
2000,"counterfactual",-343182.654705122,20,FALSE
2000,"additionality",-67470.6283681244,20,FALSE
2001,"project",-169236.493147343,20,FALSE
2001,"counterfactual",-314527.28008163,20,FALSE
2001,"additionality",145290.786934286,20,FALSE
2002,"project",-195480.589792773,20,FALSE
2002,"counterfactual",-123878.27724874,20,FALSE
2002,"additionality",-71602.3125440329,20,FALSE
2003,"project",-255974.767830983,20,FALSE
2003,"counterfactual",-249901.417867467,20,FALSE
2003,"additionality",-6073.349963516,20,FALSE
2004,"project",-99959.6640466154,20,FALSE
2004,"counterfactual",-233103.751053825,20,FALSE
2004,"additionality",133144.08700721,20,FALSE
2005,"project",-211894.438950703,20,FALSE
2005,"counterfactual",-338820.679935798,20,FALSE
2005,"additionality",126926.240985096,20,FALSE
2006,"project",-241502.584460676,20,FALSE
2006,"counterfactual",-237176.733705938,20,FALSE
2006,"additionality",-4325.85075473785,20,FALSE
2007,"project",-519598.795764744,20,FALSE
2007,"counterfactual",-260481.23865895,20,FALSE
2007,"additionality",-259117.557105795,20,FALSE
2008,"project",-143809.70233351,20,TRUE
2008,"counterfactual",-147182.782201737,20,TRUE
2008,"additionality",3373.07986822724,20,TRUE
2009,"project",-130759.902040109,20,TRUE
2009,"counterfactual",-264459.395772621,20,TRUE
2009,"additionality",133699.493732512,20,TRUE
2010,"project",-199833.533558443,20,TRUE
2010,"counterfactual",-277423.40153119,20,TRUE
2010,"additionality",77589.8679727465,20,TRUE
2011,"project",-132326.781175703,20,TRUE
2011,"counterfactual",-143403.307168648,20,TRUE
2011,"additionality",11076.5259929448,20,TRUE
2012,"project",-291683.356315449,20,TRUE
2012,"counterfactual",-217353.68066515,20,TRUE
2012,"additionality",-74329.6756502986,20,TRUE
2013,"project",-432851.490077481,20,TRUE
2013,"counterfactual",-275328.20868133,20,TRUE
2013,"additionality",-157523.281396151,20,TRUE
2014,"project",-21909.214887023,20,TRUE
2014,"counterfactual",-328182.15762046,20,TRUE
2014,"additionality",306272.942733437,20,TRUE
2015,"project",-186083.830481142,20,TRUE
2015,"counterfactual",-113962.235226482,20,TRUE
2015,"additionality",-72121.5952546597,20,TRUE
2016,"project",-191136.677030727,20,TRUE
2016,"counterfactual",-263931.082058311,20,TRUE
2016,"additionality",72794.4050275832,20,TRUE
2017,"project",-116170.315622166,20,TRUE
2017,"counterfactual",-218310.967053458,20,TRUE
2017,"additionality",102140.651431292,20,TRUE
2018,"project",-118121.012413412,20,TRUE
2018,"counterfactual",-202533.803653732,20,TRUE
2018,"additionality",84412.7912403196,20,TRUE
2019,"project",-62151.3672104329,20,TRUE
2019,"counterfactual",-174316.432707965,20,TRUE
2019,"additionality",112165.065497532,20,TRUE
2020,"project",-232345.146746129,20,TRUE
2020,"counterfactual",-297729.613268003,20,TRUE
2020,"additionality",65384.4665218741,20,TRUE
2021,"project",-128195.096999735,20,TRUE
2021,"counterfactual",-234490.01011613,20,TRUE
2021,"additionality",106294.913116395,20,TRUE
