"year","var","val","n_sim","started"
1991,"project",-44474.3622242957,1,FALSE
1991,"counterfactual",-17403.0113051534,1,FALSE
1991,"additionality",-27071.3509191424,1,FALSE
1992,"project",0,1,FALSE
1992,"counterfactual",0,1,FALSE
1992,"additionality",0,1,FALSE
1993,"project",0,1,FALSE
1993,"counterfactual",0,1,FALSE
1993,"additionality",0,1,FALSE
1994,"project",0,1,FALSE
1994,"counterfactual",-3867.33584559709,1,FALSE
1994,"additionality",3867.33584559709,1,FALSE
1995,"project",0,1,FALSE
1995,"counterfactual",-7734.67169117182,1,FALSE
1995,"additionality",7734.67169117182,1,FALSE
1996,"project",0,1,FALSE
1996,"counterfactual",0,1,FALSE
1996,"additionality",0,1,FALSE
1997,"project",0,1,FALSE
1997,"counterfactual",0,1,FALSE
1997,"additionality",0,1,FALSE
1998,"project",-18555.8756493628,1,FALSE
1998,"counterfactual",-41759.8907229081,1,FALSE
1998,"additionality",23204.0150735453,1,FALSE
1999,"project",-5801.00376838446,1,FALSE
1999,"counterfactual",-1933.66792279482,1,FALSE
1999,"additionality",-3867.33584558964,1,FALSE
2000,"project",-12754.8718809858,1,FALSE
2000,"counterfactual",-21270.347150743,1,FALSE
2000,"additionality",8515.47526975721,1,FALSE
2001,"project",-19336.6792279407,1,FALSE
2001,"counterfactual",-26290.5473405421,1,FALSE
2001,"additionality",6953.86811260134,1,FALSE
2002,"project",-27736.8680632934,1,FALSE
2002,"counterfactual",-22601.3814390749,1,FALSE
2002,"additionality",-5135.48662421852,1,FALSE
2003,"project",-58010.0376838371,1,FALSE
2003,"counterfactual",-38673.3584558889,1,FALSE
2003,"additionality",-19336.6792279482,1,FALSE
2004,"project",-5863.88727807254,1,FALSE
2004,"counterfactual",-4532.85298974812,1,FALSE
2004,"additionality",-1331.03428832442,1,FALSE
2005,"project",-6377.43594048917,1,FALSE
2005,"counterfactual",-8400.18883534521,1,FALSE
2005,"additionality",2022.75289485604,1,FALSE
2006,"project",-19336.6792279556,1,FALSE
2006,"counterfactual",-52209.0339154527,1,FALSE
2006,"additionality",32872.354687497,1,FALSE
2007,"project",-79280.3848345801,1,FALSE
2007,"counterfactual",-74721.3303824663,1,FALSE
2007,"additionality",-4559.05445211381,1,FALSE
2008,"project",-13535.6754595786,1,FALSE
2008,"counterfactual",-3867.33584561199,1,FALSE
2008,"additionality",-9668.33961396664,1,FALSE
2009,"project",-27736.8680632785,1,FALSE
2009,"counterfactual",-21270.3471507356,1,FALSE
2009,"additionality",-6466.52091254294,1,FALSE
2010,"project",-13535.6754595786,1,FALSE
2010,"counterfactual",-13535.6754595637,1,FALSE
2010,"additionality",-1.49011611938477e-08,1,FALSE
2011,"project",-4443.76801769435,1,FALSE
2011,"counterfactual",-14112.1076316684,1,FALSE
2011,"additionality",9668.33961397409,1,FALSE
2012,"project",-8311.10386327654,1,TRUE
2012,"counterfactual",-14777.6247758269,1,TRUE
2012,"additionality",6466.52091255039,1,TRUE
2013,"project",-46984.4623191878,1,TRUE
2013,"counterfactual",-130430.879670374,1,TRUE
2013,"additionality",83446.4173511863,1,TRUE
2014,"project",-18555.8756493703,1,TRUE
2014,"counterfactual",-131992.486827523,1,TRUE
2014,"additionality",113436.611178152,1,TRUE
2015,"project",-33784.1655779332,1,TRUE
2015,"counterfactual",-128869.272513203,1,TRUE
2015,"additionality",95085.1069352701,1,TRUE
2016,"project",-115496.046120323,1,TRUE
2016,"counterfactual",-153189.469883651,1,TRUE
2016,"additionality",37693.4237633273,1,TRUE
2017,"project",-37892.5548773184,1,TRUE
2017,"counterfactual",-192963.289758995,1,TRUE
2017,"additionality",155070.734881677,1,TRUE
2018,"project",-81214.0527573898,1,TRUE
2018,"counterfactual",-222104.556205258,1,TRUE
2018,"additionality",140890.503447868,1,TRUE
2019,"project",-57203.032642886,1,TRUE
2019,"counterfactual",-308406.932954594,1,TRUE
2019,"additionality",251203.900311708,1,TRUE
2020,"project",-24728.9401833937,1,TRUE
2020,"counterfactual",-225589.350700267,1,TRUE
2020,"additionality",200860.410516873,1,TRUE
2021,"project",-30938.6867647022,1,TRUE
2021,"counterfactual",-148483.687242262,1,TRUE
2021,"additionality",117545.00047756,1,TRUE
1991,"project",-40607.0263786912,2,FALSE
1991,"counterfactual",-25137.6829963252,2,FALSE
1991,"additionality",-15469.343382366,2,FALSE
1992,"project",0,2,FALSE
1992,"counterfactual",0,2,FALSE
1992,"additionality",0,2,FALSE
1993,"project",0,2,FALSE
1993,"counterfactual",0,2,FALSE
1993,"additionality",0,2,FALSE
1994,"project",0,2,FALSE
1994,"counterfactual",-1933.66792280227,2,FALSE
1994,"additionality",1933.66792280227,2,FALSE
1995,"project",0,2,FALSE
1995,"counterfactual",-11602.0075367615,2,FALSE
1995,"additionality",11602.0075367615,2,FALSE
1996,"project",0,2,FALSE
1996,"counterfactual",0,2,FALSE
1996,"additionality",0,2,FALSE
1997,"project",0,2,FALSE
1997,"counterfactual",0,2,FALSE
1997,"additionality",0,2,FALSE
1998,"project",-28224.2152633443,2,FALSE
1998,"counterfactual",-64963.9057964459,2,FALSE
1998,"additionality",36739.6905331016,2,FALSE
1999,"project",-7734.67169117928,2,FALSE
1999,"counterfactual",-1933.66792279482,2,FALSE
1999,"additionality",-5801.00376838446,2,FALSE
2000,"project",-14112.107631661,2,FALSE
2000,"counterfactual",-21270.3471507579,2,FALSE
2000,"additionality",7158.23951909691,2,FALSE
2001,"project",-19336.6792279631,2,FALSE
2001,"counterfactual",-19336.6792279407,2,FALSE
2001,"additionality",-2.23517417907715e-08,2,FALSE
2002,"project",-36137.0568986312,2,FALSE
2002,"counterfactual",-19399.5627376363,2,FALSE
2002,"additionality",-16737.4941609949,2,FALSE
2003,"project",-56076.3697610497,2,FALSE
2003,"counterfactual",-42540.6943014935,2,FALSE
2003,"additionality",-13535.6754595563,2,FALSE
2004,"project",-665.517144165933,2,FALSE
2004,"counterfactual",-9668.33961396664,2,FALSE
2004,"additionality",9002.82246980071,2,FALSE
2005,"project",-11602.007536754,2,FALSE
2005,"counterfactual",-13535.6754595637,2,FALSE
2005,"additionality",1933.66792280972,2,FALSE
2006,"project",-34806.0226103067,2,FALSE
2006,"counterfactual",-50851.7981647626,2,FALSE
2006,"additionality",16045.7755544558,2,FALSE
2007,"project",-91458.8245434761,2,FALSE
2007,"counterfactual",-63811.0414522439,2,FALSE
2007,"additionality",-27647.7830912322,2,FALSE
2008,"project",-7734.67169117182,2,FALSE
2008,"counterfactual",-5801.00376838446,2,FALSE
2008,"additionality",-1933.66792278737,2,FALSE
2009,"project",-32872.3546875119,2,FALSE
2009,"counterfactual",-21270.347150743,2,FALSE
2009,"additionality",-11602.0075367689,2,FALSE
2010,"project",-23204.0150735378,2,FALSE
2010,"counterfactual",-15469.343382366,2,FALSE
2010,"additionality",-7734.67169117182,2,FALSE
2011,"project",-3867.33584559709,2,FALSE
2011,"counterfactual",-17979.4434772506,2,FALSE
2011,"additionality",14112.1076316535,2,FALSE
2012,"project",-8311.10386328399,2,TRUE
2012,"counterfactual",-15469.3433823586,2,TRUE
2012,"additionality",7158.23951907456,2,TRUE
2013,"project",-58586.4698559567,2,TRUE
2013,"counterfactual",-137793.490595914,2,TRUE
2013,"additionality",79207.0207399577,2,TRUE
2014,"project",-10244.7717860788,2,TRUE
2014,"counterfactual",-128036.066009887,2,TRUE
2014,"additionality",117791.294223808,2,TRUE
2015,"project",-47115.4696310237,2,TRUE
2015,"counterfactual",-141215.401581235,2,TRUE
2015,"additionality",94099.9319502115,2,TRUE
2016,"project",-89079.7317604125,2,TRUE
2016,"counterfactual",-150270.626975782,2,TRUE
2016,"additionality",61190.8952153698,2,TRUE
2017,"project",-33448.7868596241,2,TRUE
2017,"counterfactual",-166903.315287314,2,TRUE
2017,"additionality",133454.52842769,2,TRUE
2018,"project",-79280.3848345876,2,TRUE
2018,"counterfactual",-212871.160866588,2,TRUE
2018,"additionality",133590.776032001,2,TRUE
2019,"project",-57470.2875590473,2,TRUE
2019,"counterfactual",-342599.841345489,2,TRUE
2019,"additionality",285129.553786442,2,TRUE
2020,"project",-10040.400379613,2,TRUE
2020,"counterfactual",-214935.836101227,2,TRUE
2020,"additionality",204895.435721613,2,TRUE
2021,"project",-23780.44724565,2,TRUE
2021,"counterfactual",-142106.25130178,2,TRUE
2021,"additionality",118325.80405613,2,TRUE
1991,"project",-32872.3546875194,3,FALSE
1991,"counterfactual",-23204.0150735378,3,FALSE
1991,"additionality",-9668.33961398154,3,FALSE
1992,"project",0,3,FALSE
1992,"counterfactual",0,3,FALSE
1992,"additionality",0,3,FALSE
1993,"project",0,3,FALSE
1993,"counterfactual",0,3,FALSE
1993,"additionality",0,3,FALSE
1994,"project",0,3,FALSE
1994,"counterfactual",0,3,FALSE
1994,"additionality",0,3,FALSE
1995,"project",0,3,FALSE
1995,"counterfactual",-9668.33961396664,3,FALSE
1995,"additionality",9668.33961396664,3,FALSE
1996,"project",0,3,FALSE
1996,"counterfactual",0,3,FALSE
1996,"additionality",0,3,FALSE
1997,"project",0,3,FALSE
1997,"counterfactual",0,3,FALSE
1997,"additionality",0,3,FALSE
1998,"project",-37892.554877311,3,FALSE
1998,"counterfactual",-43117.1264736056,3,FALSE
1998,"additionality",5224.57159629464,3,FALSE
1999,"project",-13535.6754595563,3,FALSE
1999,"counterfactual",-10244.7717860788,3,FALSE
1999,"additionality",-3290.90367347747,3,FALSE
2000,"project",-12178.4397088885,3,FALSE
2000,"counterfactual",-13535.6754595563,3,FALSE
2000,"additionality",1357.23575066775,3,FALSE
2001,"project",-19336.6792279556,3,FALSE
2001,"counterfactual",-23204.0150735527,3,FALSE
2001,"additionality",3867.33584559709,3,FALSE
2002,"project",-28402.385207437,3,FALSE
2002,"counterfactual",-13509.4739971831,3,FALSE
2002,"additionality",-14892.9112102538,3,FALSE
2003,"project",-38673.3584559038,3,FALSE
2003,"counterfactual",-36739.690533109,3,FALSE
2003,"additionality",-1933.66792279482,3,FALSE
2004,"project",-8400.18883533776,3,FALSE
2004,"counterfactual",-8976.62100744247,3,FALSE
2004,"additionality",576.432172104716,3,FALSE
2005,"project",-17979.4434772506,3,FALSE
2005,"counterfactual",-7734.67169117928,3,FALSE
2005,"additionality",-10244.7717860714,3,FALSE
2006,"project",-25714.1151684448,3,FALSE
2006,"counterfactual",-37316.1227052063,3,FALSE
2006,"additionality",11602.0075367615,3,FALSE
2007,"project",-83724.1528522894,3,FALSE
2007,"counterfactual",-70853.9945368841,3,FALSE
2007,"additionality",-12870.1583154052,3,FALSE
2008,"project",-13535.6754595637,3,FALSE
2008,"counterfactual",-665.517144158483,3,FALSE
2008,"additionality",-12870.1583154052,3,FALSE
2009,"project",-18068.5284493193,3,FALSE
2009,"counterfactual",-23204.0150735453,3,FALSE
2009,"additionality",5135.48662422597,3,FALSE
2010,"project",-23869.5322176963,3,FALSE
2010,"counterfactual",-19913.1114000529,3,FALSE
2010,"additionality",-3956.4208176434,3,FALSE
2011,"project",-2510.10009489954,3,FALSE
2011,"counterfactual",-12267.5246809348,3,FALSE
2011,"additionality",9757.42458603531,3,FALSE
2012,"project",-6377.43594048172,3,TRUE
2012,"counterfactual",-8311.10386326909,3,TRUE
2012,"additionality",1933.66792278737,3,TRUE
2013,"project",-29377.0796075687,3,TRUE
2013,"counterfactual",-122528.518620037,3,TRUE
2013,"additionality",93151.4390124679,3,TRUE
2014,"project",-23576.0758391693,3,TRUE
2014,"counterfactual",-126678.830259196,3,TRUE
2014,"additionality",103102.754420027,3,TRUE
2015,"project",-53901.6483844742,3,TRUE
2015,"counterfactual",-145287.108833306,3,TRUE
2015,"additionality",91385.4604488313,3,TRUE
2016,"project",-94110.4125351533,3,TRUE
2016,"counterfactual",-146439.973177515,3,TRUE
2016,"additionality",52329.5606423616,3,TRUE
2017,"project",-39621.8513936326,3,TRUE
2017,"counterfactual",-185254.819530196,3,TRUE
2017,"additionality",145632.968136564,3,TRUE
2018,"project",-85657.8207750916,3,TRUE
2018,"counterfactual",-207416.01640147,3,TRUE
2018,"additionality",121758.195626378,3,TRUE
2019,"project",-47110.2293385416,3,TRUE
2019,"counterfactual",-312174.703243196,3,TRUE
2019,"additionality",265064.473904654,3,TRUE
2020,"project",-20489.5435721725,3,TRUE
2020,"counterfactual",-206457.042878784,3,TRUE
2020,"additionality",185967.499306612,3,TRUE
2021,"project",-15469.3433823436,3,TRUE
2021,"counterfactual",-146550.01931946,3,TRUE
2021,"additionality",131080.675937116,3,TRUE
1991,"project",-38673.3584558964,4,FALSE
1991,"counterfactual",-13535.6754595712,4,FALSE
1991,"additionality",-25137.6829963252,4,FALSE
1992,"project",0,4,FALSE
1992,"counterfactual",0,4,FALSE
1992,"additionality",0,4,FALSE
1993,"project",0,4,FALSE
1993,"counterfactual",0,4,FALSE
1993,"additionality",0,4,FALSE
1994,"project",0,4,FALSE
1994,"counterfactual",-3867.33584558219,4,FALSE
1994,"additionality",3867.33584558219,4,FALSE
1995,"project",0,4,FALSE
1995,"counterfactual",-11602.0075367689,4,FALSE
1995,"additionality",11602.0075367689,4,FALSE
1996,"project",0,4,FALSE
1996,"counterfactual",0,4,FALSE
1996,"additionality",0,4,FALSE
1997,"project",0,4,FALSE
1997,"counterfactual",0,4,FALSE
1997,"additionality",0,4,FALSE
1998,"project",-33244.415453136,4,FALSE
1998,"counterfactual",-41759.8907229155,4,FALSE
1998,"additionality",8515.47526977956,4,FALSE
1999,"project",-15469.343382366,4,FALSE
1999,"counterfactual",-7734.67169117928,4,FALSE
1999,"additionality",-7734.67169118673,4,FALSE
2000,"project",-15469.3433823586,4,FALSE
2000,"counterfactual",-13535.6754595563,4,FALSE
2000,"additionality",-1933.66792280227,4,FALSE
2001,"project",-13535.6754595712,4,FALSE
2001,"counterfactual",-19336.6792279556,4,FALSE
2001,"additionality",5801.00376838446,4,FALSE
2002,"project",-29733.4194957614,4,FALSE
2002,"counterfactual",-20065.0798817948,4,FALSE
2002,"additionality",-9668.33961396664,4,FALSE
2003,"project",-61877.3735294417,4,FALSE
2003,"counterfactual",-43117.1264735833,4,FALSE
2003,"additionality",-18760.2470558584,4,FALSE
2004,"project",0,4,FALSE
2004,"counterfactual",-1933.66792279482,4,FALSE
2004,"additionality",1933.66792279482,4,FALSE
2005,"project",-6953.86811260879,4,FALSE
2005,"counterfactual",-7734.67169117928,4,FALSE
2005,"additionality",780.803578570485,4,FALSE
2006,"project",-21846.7793228328,4,FALSE
2006,"counterfactual",-56076.3697610497,4,FALSE
2006,"additionality",34229.5904382169,4,FALSE
2007,"project",-90882.3923713639,4,FALSE
2007,"counterfactual",-74632.2454104275,4,FALSE
2007,"additionality",-16250.1469609365,4,FALSE
2008,"project",-7734.67169116437,4,FALSE
2008,"counterfactual",-5801.00376837701,4,FALSE
2008,"additionality",-1933.66792278737,4,FALSE
2009,"project",-14866.7097478956,4,FALSE
2009,"counterfactual",-19336.6792279556,4,FALSE
2009,"additionality",4469.96948006004,4,FALSE
2010,"project",-27071.3509191275,4,FALSE
2010,"counterfactual",-9668.33961398154,4,FALSE
2010,"additionality",-17403.0113051459,4,FALSE
2011,"project",-6377.43594049662,4,FALSE
2011,"counterfactual",-14201.1926037148,4,FALSE
2011,"additionality",7823.75666321814,4,FALSE
2012,"project",-5801.00376837701,4,TRUE
2012,"counterfactual",-12843.9568530321,4,TRUE
2012,"additionality",7042.95308465511,4,TRUE
2013,"project",-48918.1302419826,4,TRUE
2013,"counterfactual",-142404.94797276,4,TRUE
2013,"additionality",93486.817730777,4,TRUE
2014,"project",-6173.06453401595,4,TRUE
2014,"counterfactual",-139150.726346605,4,TRUE
2014,"additionality",132977.661812589,4,TRUE
2015,"project",-29749.1403731927,4,TRUE
2015,"counterfactual",-177750.720707871,4,TRUE
2015,"additionality",148001.580334678,4,TRUE
2016,"project",-85710.2236998156,4,TRUE
2016,"counterfactual",-143893.1910353,4,TRUE
2016,"additionality",58182.9673354849,4,TRUE
2017,"project",-38558.0720214844,4,TRUE
2017,"counterfactual",-184101.955185995,4,TRUE
2017,"additionality",145543.88316451,4,TRUE
2018,"project",-94058.0096104071,4,TRUE
2018,"counterfactual",-220516.747585706,4,TRUE
2018,"additionality",126458.737975299,4,TRUE
2019,"project",-63004.0364112854,4,TRUE
2019,"counterfactual",-321827.321979754,4,TRUE
2019,"additionality",258823.285568468,4,TRUE
2020,"project",-18555.8756493777,4,TRUE
2020,"counterfactual",-216497.443258397,4,TRUE
2020,"additionality",197941.56760902,4,TRUE
2021,"project",-17403.0113051459,4,TRUE
2021,"counterfactual",-150212.983758569,4,TRUE
2021,"additionality",132809.972453423,4,TRUE
1991,"project",-30938.6867647097,5,FALSE
1991,"counterfactual",-31515.1189368293,5,FALSE
1991,"additionality",576.432172119617,5,FALSE
1992,"project",-665.517144158483,5,FALSE
1992,"counterfactual",0,5,FALSE
1992,"additionality",-665.517144158483,5,FALSE
1993,"project",0,5,FALSE
1993,"counterfactual",0,5,FALSE
1993,"additionality",0,5,FALSE
1994,"project",0,5,FALSE
1994,"counterfactual",-1933.66792280227,5,FALSE
1994,"additionality",1933.66792280227,5,FALSE
1995,"project",0,5,FALSE
1995,"counterfactual",-11602.0075367615,5,FALSE
1995,"additionality",11602.0075367615,5,FALSE
1996,"project",0,5,FALSE
1996,"counterfactual",0,5,FALSE
1996,"additionality",0,5,FALSE
1997,"project",-3867.33584559709,5,FALSE
1997,"counterfactual",0,5,FALSE
1997,"additionality",-3867.33584559709,5,FALSE
1998,"project",-39249.7906280085,5,FALSE
1998,"counterfactual",-45627.2265684977,5,FALSE
1998,"additionality",6377.43594048917,5,FALSE
1999,"project",-9668.33961396664,5,FALSE
1999,"counterfactual",-8311.10386328399,5,FALSE
1999,"additionality",-1357.23575068265,5,FALSE
2000,"project",-6377.43594048917,5,FALSE
2000,"counterfactual",-17403.0113051534,5,FALSE
2000,"additionality",11025.5753646642,5,FALSE
2001,"project",-23204.0150735378,5,FALSE
2001,"counterfactual",-23204.0150735453,5,FALSE
2001,"additionality",7.45058059692383e-09,5,FALSE
2002,"project",-25803.200140506,5,FALSE
2002,"counterfactual",-31001.5702743977,5,FALSE
2002,"additionality",5198.3701338917,5,FALSE
2003,"project",-54142.7018382475,5,FALSE
2003,"counterfactual",-40607.0263786837,5,FALSE
2003,"additionality",-13535.6754595637,5,FALSE
2004,"project",-8400.18883533031,5,FALSE
2004,"counterfactual",-10910.2889302447,5,FALSE
2004,"additionality",2510.10009491444,5,FALSE
2005,"project",-7734.67169118673,5,FALSE
2005,"counterfactual",-1933.66792280972,5,FALSE
2005,"additionality",-5801.00376837701,5,FALSE
2006,"project",-31515.1189368218,5,FALSE
2006,"counterfactual",-40607.0263786763,5,FALSE
2006,"additionality",9091.90744185448,5,FALSE
2007,"project",-79280.3848346025,5,FALSE
2007,"counterfactual",-50275.3659926802,5,FALSE
2007,"additionality",-29005.0188419223,5,FALSE
2008,"project",-13535.6754595563,5,FALSE
2008,"counterfactual",-6466.52091252804,5,FALSE
2008,"additionality",-7069.15454702824,5,FALSE
2009,"project",-15469.3433823511,5,FALSE
2009,"counterfactual",-16045.7755544782,5,FALSE
2009,"additionality",576.432172127068,5,FALSE
2010,"project",-21270.3471507654,5,FALSE
2010,"counterfactual",-19336.6792279407,5,FALSE
2010,"additionality",-1933.66792282462,5,FALSE
2011,"project",-2599.18506693095,5,FALSE
2011,"counterfactual",-7734.67169117928,5,FALSE
2011,"additionality",5135.48662424833,5,FALSE
2012,"project",-2510.10009492189,5,TRUE
2012,"counterfactual",-5801.00376839936,5,TRUE
2012,"additionality",3290.90367347747,5,TRUE
2013,"project",-29005.0188419148,5,TRUE
2013,"counterfactual",-147629.519569039,5,TRUE
2013,"additionality",118624.500727125,5,TRUE
2014,"project",-17979.4434772581,5,TRUE
2014,"counterfactual",-115485.565535367,5,TRUE
2014,"additionality",97506.1220581084,5,TRUE
2015,"project",-40365.972924903,5,TRUE
2015,"counterfactual",-163638.613076195,5,TRUE
2015,"additionality",123272.640151292,5,TRUE
2016,"project",-92202.9460747316,5,TRUE
2016,"counterfactual",-156276.002150662,5,TRUE
2016,"additionality",64073.0560759306,5,TRUE
2017,"project",-44359.0757898688,5,TRUE
2017,"counterfactual",-171037.906049043,5,TRUE
2017,"additionality",126678.830259174,5,TRUE
2018,"project",-79280.3848345801,5,TRUE
2018,"counterfactual",-218032.848953195,5,TRUE
2018,"additionality",138752.464118615,5,TRUE
2019,"project",-52093.7474810332,5,TRUE
2019,"counterfactual",-333712.305310093,5,TRUE
2019,"additionality",281618.55782906,5,TRUE
2020,"project",-16045.7755544782,5,TRUE
2020,"counterfactual",-197941.567609027,5,TRUE
2020,"additionality",181895.792054549,5,TRUE
2021,"project",-18671.1620837823,5,TRUE
2021,"counterfactual",-155437.555354856,5,TRUE
2021,"additionality",136766.393271074,5,TRUE
1991,"project",-36739.6905331016,6,FALSE
1991,"counterfactual",-21846.7793228626,6,FALSE
1991,"additionality",-14892.9112102389,6,FALSE
1992,"project",-665.517144158483,6,FALSE
1992,"counterfactual",0,6,FALSE
1992,"additionality",-665.517144158483,6,FALSE
1993,"project",0,6,FALSE
1993,"counterfactual",0,6,FALSE
1993,"additionality",0,6,FALSE
1994,"project",0,6,FALSE
1994,"counterfactual",-1933.66792278737,6,FALSE
1994,"additionality",1933.66792278737,6,FALSE
1995,"project",0,6,FALSE
1995,"counterfactual",-7734.67169118673,6,FALSE
1995,"additionality",7734.67169118673,6,FALSE
1996,"project",0,6,FALSE
1996,"counterfactual",0,6,FALSE
1996,"additionality",0,6,FALSE
1997,"project",0,6,FALSE
1997,"counterfactual",0,6,FALSE
1997,"additionality",0,6,FALSE
1998,"project",-23780.4472456425,6,FALSE
1998,"counterfactual",-44474.3622242734,6,FALSE
1998,"additionality",20693.9149786308,6,FALSE
1999,"project",-11602.0075367689,6,FALSE
1999,"counterfactual",-14112.1076316759,6,FALSE
1999,"additionality",2510.10009490699,6,FALSE
2000,"project",-6377.43594048172,6,FALSE
2000,"counterfactual",-11602.0075367615,6,FALSE
2000,"additionality",5224.57159627974,6,FALSE
2001,"project",-23204.0150735527,6,FALSE
2001,"counterfactual",-19336.6792279556,6,FALSE
2001,"additionality",-3867.33584559709,6,FALSE
2002,"project",-33537.8718316779,6,FALSE
2002,"counterfactual",-20578.6285442114,6,FALSE
2002,"additionality",-12959.2432874665,6,FALSE
2003,"project",-61877.3735294268,6,FALSE
2003,"counterfactual",-43117.1264735982,6,FALSE
2003,"additionality",-18760.2470558286,6,FALSE
2004,"project",-2599.18506696075,6,FALSE
2004,"counterfactual",-7042.9530846402,6,FALSE
2004,"additionality",4443.76801767945,6,FALSE
2005,"project",-5801.00376837701,6,FALSE
2005,"counterfactual",-7734.67169119418,6,FALSE
2005,"additionality",1933.66792281717,6,FALSE
2006,"project",-29581.4510140345,6,FALSE
2006,"counterfactual",-32872.3546875045,6,FALSE
2006,"additionality",3290.90367347002,6,FALSE
2007,"project",-65744.7093750164,6,FALSE
2007,"counterfactual",-59341.0719721615,6,FALSE
2007,"additionality",-6403.63740285486,6,FALSE
2008,"project",-13535.6754595786,6,FALSE
2008,"counterfactual",-9553.05317956209,6,FALSE
2008,"additionality",-3982.62228001654,6,FALSE
2009,"project",-21270.3471507356,6,FALSE
2009,"counterfactual",-25137.6829963326,6,FALSE
2009,"additionality",3867.33584559709,6,FALSE
2010,"project",-27736.8680632934,6,FALSE
2010,"counterfactual",-13535.6754595563,6,FALSE
2010,"additionality",-14201.1926037371,6,FALSE
2011,"project",-1933.66792279482,6,FALSE
2011,"counterfactual",-14112.1076316759,6,FALSE
2011,"additionality",12178.4397088811,6,FALSE
2012,"project",-6173.06453401595,6,TRUE
2012,"counterfactual",-8311.10386329144,6,TRUE
2012,"additionality",2138.03932927549,6,TRUE
2013,"project",-61673.002122961,6,TRUE
2013,"counterfactual",-153634.894743904,6,TRUE
2013,"additionality",91961.8926209435,6,TRUE
2014,"project",-12178.4397088885,6,TRUE
2014,"counterfactual",-101834.603641383,6,TRUE
2014,"additionality",89656.1639324948,6,TRUE
2015,"project",-35345.7727350816,6,TRUE
2015,"counterfactual",-141215.401581243,6,TRUE
2015,"additionality",105869.628846161,6,TRUE
2016,"project",-81842.8878542334,6,TRUE
2016,"counterfactual",-130766.258388691,6,TRUE
2016,"additionality",48923.3705344573,6,TRUE
2017,"project",-37981.6398493722,6,TRUE
2017,"counterfactual",-167977.575244412,6,TRUE
2017,"additionality",129995.93539504,6,TRUE
2018,"project",-71545.7131434083,6,TRUE
2018,"counterfactual",-195237.576692596,6,TRUE
2018,"additionality",123691.863549188,6,TRUE
2019,"project",-65398.8500717506,6,TRUE
2019,"counterfactual",-290055.428711705,6,TRUE
2019,"additionality",224656.578639954,6,TRUE
2020,"project",-11397.6361303031,6,TRUE
2020,"counterfactual",-219788.346931875,6,TRUE
2020,"additionality",208390.710801572,6,TRUE
2021,"project",-28339.5016977713,6,TRUE
2021,"counterfactual",-121412.336323127,6,TRUE
2021,"additionality",93072.8346253559,6,TRUE
1991,"project",-27071.35091912,7,FALSE
1991,"counterfactual",-17403.0113051459,7,FALSE
1991,"additionality",-9668.33961397409,7,FALSE
1992,"project",0,7,FALSE
1992,"counterfactual",0,7,FALSE
1992,"additionality",0,7,FALSE
1993,"project",0,7,FALSE
1993,"counterfactual",0,7,FALSE
1993,"additionality",0,7,FALSE
1994,"project",0,7,FALSE
1994,"counterfactual",-3867.33584558964,7,FALSE
1994,"additionality",3867.33584558964,7,FALSE
1995,"project",0,7,FALSE
1995,"counterfactual",-7734.67169119418,7,FALSE
1995,"additionality",7734.67169119418,7,FALSE
1996,"project",0,7,FALSE
1996,"counterfactual",0,7,FALSE
1996,"additionality",0,7,FALSE
1997,"project",0,7,FALSE
1997,"counterfactual",0,7,FALSE
1997,"additionality",0,7,FALSE
1998,"project",-15469.3433823735,7,FALSE
1998,"counterfactual",-27071.3509191126,7,FALSE
1998,"additionality",11602.0075367391,7,FALSE
1999,"project",-9668.33961396664,7,FALSE
1999,"counterfactual",-7734.67169117928,7,FALSE
1999,"additionality",-1933.66792278737,7,FALSE
2000,"project",-16045.7755544707,7,FALSE
2000,"counterfactual",-9668.33961398154,7,FALSE
2000,"additionality",-6377.43594048917,7,FALSE
2001,"project",-19336.6792279407,7,FALSE
2001,"counterfactual",-27647.7830912396,7,FALSE
2001,"additionality",8311.10386329889,7,FALSE
2002,"project",-13535.6754595712,7,FALSE
2002,"counterfactual",-13535.6754595637,7,FALSE
2002,"additionality",-7.45058059692383e-09,7,FALSE
2003,"project",-48341.698069863,7,FALSE
2003,"counterfactual",-29005.0188419297,7,FALSE
2003,"additionality",-19336.6792279333,7,FALSE
2004,"project",-4532.85298975557,7,FALSE
2004,"counterfactual",-3867.33584558964,7,FALSE
2004,"additionality",-665.517144165933,7,FALSE
2005,"project",-12178.4397088736,7,FALSE
2005,"counterfactual",-8400.18883533031,7,FALSE
2005,"additionality",-3778.25087354332,7,FALSE
2006,"project",-21270.3471507505,7,FALSE
2006,"counterfactual",-39826.2228001133,7,FALSE
2006,"additionality",18555.8756493628,7,FALSE
2007,"project",-64963.9057964385,7,FALSE
2007,"counterfactual",-64387.4736243337,7,FALSE
2007,"additionality",-576.432172104716,7,FALSE
2008,"project",-11602.0075367838,7,FALSE
2008,"counterfactual",-7734.67169117182,7,FALSE
2008,"additionality",-3867.33584561199,7,FALSE
2009,"project",-23869.5322176814,7,FALSE
2009,"counterfactual",-29005.0188419372,7,FALSE
2009,"additionality",5135.48662425578,7,FALSE
2010,"project",-25137.6829963326,7,FALSE
2010,"counterfactual",-15469.3433823511,7,FALSE
2010,"additionality",-9668.33961398154,7,FALSE
2011,"project",-16045.7755544633,7,FALSE
2011,"counterfactual",-14112.107631661,7,FALSE
2011,"additionality",-1933.66792280227,7,FALSE
2012,"project",-8887.53603540361,7,TRUE
2012,"counterfactual",-19221.3927935436,7,TRUE
2012,"additionality",10333.85675814,7,TRUE
2013,"project",-38673.3584558889,7,TRUE
2013,"counterfactual",-140303.590690814,7,TRUE
2013,"additionality",101630.232234925,7,TRUE
2014,"project",-7042.95308466256,7,TRUE
2014,"counterfactual",-119237.614946529,7,TRUE
2014,"additionality",112194.661861867,7,TRUE
2015,"project",-39993.9121592641,7,TRUE
2015,"counterfactual",-138217.954286285,7,TRUE
2015,"additionality",98224.0421270207,7,TRUE
2016,"project",-85044.7065556645,7,TRUE
2016,"counterfactual",-152985.098477177,7,TRUE
2016,"additionality",67940.3919215128,7,TRUE
2017,"project",-24445.9643898085,7,TRUE
2017,"counterfactual",-187277.572425053,7,TRUE
2017,"additionality",162831.608035244,7,TRUE
2018,"project",-59739.3342001587,7,TRUE
2018,"counterfactual",-225767.520644367,7,TRUE
2018,"additionality",166028.186444208,7,TRUE
2019,"project",-49583.6473861337,7,TRUE
2019,"counterfactual",-315617.5753984,7,TRUE
2019,"additionality",266033.928012267,7,TRUE
2020,"project",-12178.4397088811,7,TRUE
2020,"counterfactual",-205099.807128102,7,TRUE
2020,"additionality",192921.367419221,7,TRUE
2021,"project",-21270.3471507356,7,TRUE
2021,"counterfactual",-126636.907919407,7,TRUE
2021,"additionality",105366.560768671,7,TRUE
1991,"project",-15469.3433823586,8,FALSE
1991,"counterfactual",-17403.0113051608,8,FALSE
1991,"additionality",1933.66792280227,8,FALSE
1992,"project",0,8,FALSE
1992,"counterfactual",0,8,FALSE
1992,"additionality",0,8,FALSE
1993,"project",0,8,FALSE
1993,"counterfactual",0,8,FALSE
1993,"additionality",0,8,FALSE
1994,"project",0,8,FALSE
1994,"counterfactual",-3867.33584558219,8,FALSE
1994,"additionality",3867.33584558219,8,FALSE
1995,"project",0,8,FALSE
1995,"counterfactual",-7734.67169118673,8,FALSE
1995,"additionality",7734.67169118673,8,FALSE
1996,"project",0,8,FALSE
1996,"counterfactual",0,8,FALSE
1996,"additionality",0,8,FALSE
1997,"project",0,8,FALSE
1997,"counterfactual",0,8,FALSE
1997,"additionality",0,8,FALSE
1998,"project",-27443.411684759,8,FALSE
1998,"counterfactual",-41759.8907229006,8,FALSE
1998,"additionality",14316.4790381417,8,FALSE
1999,"project",-17979.4434772655,8,FALSE
1999,"counterfactual",-8311.10386328399,8,FALSE
1999,"additionality",-9668.33961398154,8,FALSE
2000,"project",-19132.307821475,8,FALSE
2000,"counterfactual",-19913.1114000529,8,FALSE
2000,"additionality",780.803578577936,8,FALSE
2001,"project",-15469.3433823586,8,FALSE
2001,"counterfactual",-22423.2114949748,8,FALSE
2001,"additionality",6953.86811261624,8,FALSE
2002,"project",-31667.0874185711,8,FALSE
2002,"counterfactual",-21244.1456883699,8,FALSE
2002,"additionality",-10422.9417302012,8,FALSE
2003,"project",-46408.0301470757,8,FALSE
2003,"counterfactual",-41183.4585507885,8,FALSE
2003,"additionality",-5224.57159628719,8,FALSE
2004,"project",-8463.07234501839,8,FALSE
2004,"counterfactual",-9642.13815160841,8,FALSE
2004,"additionality",1179.06580659002,8,FALSE
2005,"project",-11602.0075367689,8,FALSE
2005,"counterfactual",-9065.70597950369,8,FALSE
2005,"additionality",-2536.30155726522,8,FALSE
2006,"project",-31515.1189368293,8,FALSE
2006,"counterfactual",-33448.7868596241,8,FALSE
2006,"additionality",1933.66792279482,8,FALSE
2007,"project",-56652.8019331545,8,FALSE
2007,"counterfactual",-61274.7398949564,8,FALSE
2007,"additionality",4621.93796180189,8,FALSE
2008,"project",-25137.6829963326,8,FALSE
2008,"counterfactual",-6466.52091255039,8,FALSE
2008,"additionality",-18671.1620837823,8,FALSE
2009,"project",-23204.0150735527,8,FALSE
2009,"counterfactual",-15469.3433823436,8,FALSE
2009,"additionality",-7734.67169120908,8,FALSE
2010,"project",-18068.5284493044,8,FALSE
2010,"counterfactual",-23204.0150735453,8,FALSE
2010,"additionality",5135.48662424088,8,FALSE
2011,"project",0,8,FALSE
2011,"counterfactual",-12178.4397088736,8,FALSE
2011,"additionality",12178.4397088736,8,FALSE
2012,"project",-7530.30028470606,8,TRUE
2012,"counterfactual",-16622.2077265829,8,TRUE
2012,"additionality",9091.90744187683,8,TRUE
2013,"project",-44269.9908178002,8,TRUE
2013,"counterfactual",-127920.77957546,8,TRUE
2013,"additionality",83650.7887576595,8,TRUE
2014,"project",-6377.43594049662,8,TRUE
2014,"counterfactual",-124462.186542824,8,TRUE
2014,"additionality",118084.750602327,8,TRUE
2015,"project",-49997.6304915622,8,TRUE
2015,"counterfactual",-161421.969359808,8,TRUE
2015,"additionality",111424.338868245,8,TRUE
2016,"project",-81958.1742886454,8,TRUE
2016,"counterfactual",-138988.277279913,8,TRUE
2016,"additionality",57030.102991268,8,TRUE
2017,"project",-32269.7210530415,8,TRUE
2017,"counterfactual",-185060.928708687,8,TRUE
2017,"additionality",152791.207655646,8,TRUE
2018,"project",-90101.5887927786,8,TRUE
2018,"counterfactual",-211681.614475057,8,TRUE
2018,"additionality",121580.025682278,8,TRUE
2019,"project",-39925.7883571088,8,TRUE
2019,"counterfactual",-308831.39664498,8,TRUE
2019,"additionality",268905.608287871,8,TRUE
2020,"project",-10040.400379613,8,TRUE
2020,"counterfactual",-194446.292529076,8,TRUE
2020,"additionality",184405.892149463,8,TRUE
2021,"project",-23204.0150735304,8,TRUE
2021,"counterfactual",-147907.255070142,8,TRUE
2021,"additionality",124703.239996612,8,TRUE
1991,"project",-27071.3509191275,9,FALSE
1991,"counterfactual",-23204.0150735378,9,FALSE
1991,"additionality",-3867.33584558964,9,FALSE
1992,"project",0,9,FALSE
1992,"counterfactual",0,9,FALSE
1992,"additionality",0,9,FALSE
1993,"project",0,9,FALSE
1993,"counterfactual",0,9,FALSE
1993,"additionality",0,9,FALSE
1994,"project",0,9,FALSE
1994,"counterfactual",-1933.66792280227,9,FALSE
1994,"additionality",1933.66792280227,9,FALSE
1995,"project",0,9,FALSE
1995,"counterfactual",-5801.00376838446,9,FALSE
1995,"additionality",5801.00376838446,9,FALSE
1996,"project",0,9,FALSE
1996,"counterfactual",0,9,FALSE
1996,"additionality",0,9,FALSE
1997,"project",-1933.66792279482,9,FALSE
1997,"counterfactual",0,9,FALSE
1997,"additionality",-1933.66792279482,9,FALSE
1998,"project",-26866.9795126542,9,FALSE
1998,"counterfactual",-52004.6625089869,9,FALSE
1998,"additionality",25137.6829963326,9,FALSE
1999,"project",-5801.00376839191,9,FALSE
1999,"counterfactual",-7734.67169117928,9,FALSE
1999,"additionality",1933.66792278737,9,FALSE
2000,"project",-19913.1114000529,9,FALSE
2000,"counterfactual",-23204.0150735453,9,FALSE
2000,"additionality",3290.90367349237,9,FALSE
2001,"project",-21270.347150743,9,FALSE
2001,"counterfactual",-34806.0226102918,9,FALSE
2001,"additionality",13535.6754595488,9,FALSE
2002,"project",-34868.9061199948,9,FALSE
2002,"counterfactual",-15532.2268920541,9,FALSE
2002,"additionality",-19336.6792279407,9,FALSE
2003,"project",-54142.7018382549,9,FALSE
2003,"counterfactual",-43693.5586457103,9,FALSE
2003,"additionality",-10449.1431925446,9,FALSE
2004,"project",-2599.1850669533,9,FALSE
2004,"counterfactual",-6953.86811258644,9,FALSE
2004,"additionality",4354.68304563314,9,FALSE
2005,"project",-9668.33961396664,9,FALSE
2005,"counterfactual",-11602.0075367689,9,FALSE
2005,"additionality",1933.66792280227,9,FALSE
2006,"project",-30734.3153582588,9,FALSE
2006,"counterfactual",-33448.7868596241,9,FALSE
2006,"additionality",2714.4715013653,9,FALSE
2007,"project",-99769.9284067452,9,FALSE
2007,"counterfactual",-74721.3303824663,9,FALSE
2007,"additionality",-25048.5980242789,9,FALSE
2008,"project",-15469.3433823735,9,FALSE
2008,"counterfactual",-9065.70597950369,9,FALSE
2008,"additionality",-6403.63740286976,9,FALSE
2009,"project",-29005.0188419148,9,FALSE
2009,"counterfactual",-27647.7830912322,9,FALSE
2009,"additionality",-1357.23575068265,9,FALSE
2010,"project",-21935.8642949015,9,FALSE
2010,"counterfactual",-19336.6792279556,9,FALSE
2010,"additionality",-2599.18506694585,9,FALSE
2011,"project",-4506.65152738243,9,FALSE
2011,"counterfactual",-9642.13815160096,9,FALSE
2011,"additionality",5135.48662421852,9,FALSE
2012,"project",-5020.20018980652,9,TRUE
2012,"counterfactual",-10244.7717860863,9,TRUE
2012,"additionality",5224.57159627974,9,TRUE
2013,"project",-37316.1227052063,9,TRUE
2013,"counterfactual",-137589.119189434,9,TRUE
2013,"additionality",100272.996484227,9,TRUE
2014,"project",-11974.0683024004,9,TRUE
2014,"counterfactual",-122145.977269433,9,TRUE
2014,"additionality",110171.908967033,9,TRUE
2015,"project",-43824.5659575462,9,TRUE
2015,"counterfactual",-148745.701865956,9,TRUE
2015,"additionality",104921.13590841,9,TRUE
2016,"project",-96903.4884236306,9,TRUE
2016,"counterfactual",-135990.829984955,9,TRUE
2016,"additionality",39087.3415613249,9,TRUE
2017,"project",-32269.7210530415,9,TRUE
2017,"counterfactual",-186701.140252948,9,TRUE
2017,"additionality",154431.419199906,9,TRUE
2018,"project",-68831.2416420355,9,TRUE
2018,"counterfactual",-203024.651308514,9,TRUE
2018,"additionality",134193.409666479,9,TRUE
2019,"project",-39978.1912818551,9,TRUE
2019,"counterfactual",-348348.44218912,9,TRUE
2019,"additionality",308370.250907265,9,TRUE
2020,"project",-21065.9757442623,9,TRUE
2020,"counterfactual",-192921.367419235,9,TRUE
2020,"additionality",171855.391674973,9,TRUE
2021,"project",-34806.0226103142,9,TRUE
2021,"counterfactual",-163172.227046035,9,TRUE
2021,"additionality",128366.204435721,9,TRUE
1991,"project",-21270.3471507579,10,FALSE
1991,"counterfactual",-11602.0075367689,10,FALSE
1991,"additionality",-9668.339613989,10,FALSE
1992,"project",0,10,FALSE
1992,"counterfactual",0,10,FALSE
1992,"additionality",0,10,FALSE
1993,"project",0,10,FALSE
1993,"counterfactual",0,10,FALSE
1993,"additionality",0,10,FALSE
1994,"project",0,10,FALSE
1994,"counterfactual",-3867.33584558964,10,FALSE
1994,"additionality",3867.33584558964,10,FALSE
1995,"project",0,10,FALSE
1995,"counterfactual",-3867.33584558964,10,FALSE
1995,"additionality",3867.33584558964,10,FALSE
1996,"project",0,10,FALSE
1996,"counterfactual",0,10,FALSE
1996,"additionality",0,10,FALSE
1997,"project",0,10,FALSE
1997,"counterfactual",0,10,FALSE
1997,"additionality",0,10,FALSE
1998,"project",-31310.7475303411,10,FALSE
1998,"counterfactual",-39249.7906280085,10,FALSE
1998,"additionality",7939.0430976674,10,FALSE
1999,"project",0,10,FALSE
1999,"counterfactual",-10244.7717860714,10,FALSE
1999,"additionality",10244.7717860714,10,FALSE
2000,"project",-1933.66792280227,10,FALSE
2000,"counterfactual",-15469.3433823735,10,FALSE
2000,"additionality",13535.6754595712,10,FALSE
2001,"project",-9668.33961396664,10,FALSE
2001,"counterfactual",-17979.4434772581,10,FALSE
2001,"additionality",8311.10386329144,10,FALSE
2002,"project",-29067.9023515955,10,FALSE
2002,"counterfactual",-18734.0455934778,10,FALSE
2002,"additionality",-10333.8567581177,10,FALSE
2003,"project",-46408.0301470906,10,FALSE
2003,"counterfactual",-35382.454782404,10,FALSE
2003,"additionality",-11025.5753646865,10,FALSE
2004,"project",-665.517144158483,10,FALSE
2004,"counterfactual",-8400.18883533776,10,FALSE
2004,"additionality",7734.67169117928,10,FALSE
2005,"project",-8311.10386329144,10,FALSE
2005,"counterfactual",-9668.33961398154,10,FALSE
2005,"additionality",1357.2357506901,10,FALSE
2006,"project",-39249.7906279936,10,FALSE
2006,"counterfactual",-42336.3228950053,10,FALSE
2006,"additionality",3086.5322670117,10,FALSE
2007,"project",-65540.3379685581,10,FALSE
2007,"counterfactual",-68228.6080075651,10,FALSE
2007,"additionality",2688.27003900707,10,FALSE
2008,"project",-23204.0150735304,10,FALSE
2008,"counterfactual",-3867.33584558964,10,FALSE
2008,"additionality",-19336.6792279407,10,FALSE
2009,"project",-16134.8605265319,10,FALSE
2009,"counterfactual",-23204.0150735304,10,FALSE
2009,"additionality",7069.15454699844,10,FALSE
2010,"project",-28402.385207437,10,FALSE
2010,"counterfactual",-17403.0113051683,10,FALSE
2010,"additionality",-10999.3739022687,10,FALSE
2011,"project",-7619.38525676727,10,FALSE
2011,"counterfactual",-14840.5082855001,10,FALSE
2011,"additionality",7221.12302873284,10,FALSE
2012,"project",-6377.43594048172,10,TRUE
2012,"counterfactual",-22423.2114949599,10,TRUE
2012,"additionality",16045.7755544782,10,TRUE
2013,"project",-46984.4623191878,10,TRUE
2013,"counterfactual",-173139.263331011,10,TRUE
2013,"additionality",126154.801011823,10,TRUE
2014,"project",-18440.5892149583,10,TRUE
2014,"counterfactual",-127176.658044212,10,TRUE
2014,"additionality",108736.068829253,10,TRUE
2015,"project",-48100.6446160749,10,TRUE
2015,"counterfactual",-156197.397763528,10,TRUE
2015,"additionality",108096.753147453,10,TRUE
2016,"project",-105162.189362191,10,TRUE
2016,"counterfactual",-145454.798192471,10,TRUE
2016,"additionality",40292.6088302806,10,TRUE
2017,"project",-40004.3927442059,10,TRUE
2017,"counterfactual",-179925.442084447,10,TRUE
2017,"additionality",139921.049340241,10,TRUE
2018,"project",-55871.9983545914,10,TRUE
2018,"counterfactual",-192727.476597697,10,TRUE
2018,"additionality",136855.478243105,10,TRUE
2019,"project",-48200.2101730704,10,TRUE
2019,"counterfactual",-300556.974828996,10,TRUE
2019,"additionality",252356.764655925,10,TRUE
2020,"project",-16622.207726568,10,TRUE
2020,"counterfactual",-216125.382492766,10,TRUE
2020,"additionality",199503.174766198,10,TRUE
2021,"project",-30938.686764732,10,TRUE
2021,"counterfactual",-143054.744239509,10,TRUE
2021,"additionality",112116.057474777,10,TRUE
1991,"project",-30938.6867647246,11,FALSE
1991,"counterfactual",-15469.3433823511,11,FALSE
1991,"additionality",-15469.3433823735,11,FALSE
1992,"project",0,11,FALSE
1992,"counterfactual",0,11,FALSE
1992,"additionality",0,11,FALSE
1993,"project",0,11,FALSE
1993,"counterfactual",0,11,FALSE
1993,"additionality",0,11,FALSE
1994,"project",0,11,FALSE
1994,"counterfactual",-1933.66792280227,11,FALSE
1994,"additionality",1933.66792280227,11,FALSE
1995,"project",0,11,FALSE
1995,"counterfactual",-7734.67169117928,11,FALSE
1995,"additionality",7734.67169117928,11,FALSE
1996,"project",0,11,FALSE
1996,"counterfactual",0,11,FALSE
1996,"additionality",0,11,FALSE
1997,"project",-1933.66792278737,11,FALSE
1997,"counterfactual",0,11,FALSE
1997,"additionality",-1933.66792278737,11,FALSE
1998,"project",-30157.8831861392,11,FALSE
1998,"counterfactual",-38673.3584559038,11,FALSE
1998,"additionality",8515.47526976466,11,FALSE
1999,"project",-5801.00376839191,11,FALSE
1999,"counterfactual",-1933.66792278737,11,FALSE
1999,"additionality",-3867.33584560454,11,FALSE
2000,"project",-14112.1076316759,11,FALSE
2000,"counterfactual",-21270.347150743,11,FALSE
2000,"additionality",7158.23951906711,11,FALSE
2001,"project",-13535.6754595488,11,FALSE
2001,"counterfactual",-23780.44724565,11,FALSE
2001,"additionality",10244.7717861012,11,FALSE
2002,"project",-22601.3814390823,11,FALSE
2002,"counterfactual",-16134.8605265245,11,FALSE
2002,"additionality",-6466.52091255784,11,FALSE
2003,"project",-56076.3697610423,11,FALSE
2003,"counterfactual",-45627.2265684903,11,FALSE
2003,"additionality",-10449.143192552,11,FALSE
2004,"project",-4532.85298974812,11,FALSE
2004,"counterfactual",-5020.20018979907,11,FALSE
2004,"additionality",487.34720005095,11,FALSE
2005,"project",-5801.00376838446,11,FALSE
2005,"counterfactual",-8400.18883534521,11,FALSE
2005,"additionality",2599.18506696075,11,FALSE
2006,"project",-30734.3153582364,11,FALSE
2006,"counterfactual",-42540.694301486,11,FALSE
2006,"additionality",11806.3789432496,11,FALSE
2007,"project",-56076.3697610721,11,FALSE
2007,"counterfactual",-62542.8906736076,11,FALSE
2007,"additionality",6466.52091253549,11,FALSE
2008,"project",-17403.0113051459,11,FALSE
2008,"counterfactual",-7132.03805668652,11,FALSE
2008,"additionality",-10270.9732484594,11,FALSE
2009,"project",-17403.0113051459,11,FALSE
2009,"counterfactual",-27071.3509191424,11,FALSE
2009,"additionality",9668.33961399645,11,FALSE
2010,"project",-25803.2001404986,11,FALSE
2010,"counterfactual",-19336.6792279482,11,FALSE
2010,"additionality",-6466.52091255039,11,FALSE
2011,"project",-4532.85298974067,11,FALSE
2011,"counterfactual",-10244.7717860714,11,FALSE
2011,"additionality",5711.91879633069,11,FALSE
2012,"project",-6377.43594050407,11,TRUE
2012,"counterfactual",-7734.67169118673,11,TRUE
2012,"additionality",1357.23575068265,11,TRUE
2013,"project",-49494.5624140799,11,TRUE
2013,"counterfactual",-148410.323147632,11,TRUE
2013,"additionality",98915.7607335523,11,TRUE
2014,"project",-9463.96820750087,11,TRUE
2014,"counterfactual",-127548.718809821,11,TRUE
2014,"additionality",118084.75060232,11,TRUE
2015,"project",-38432.3050021008,11,TRUE
2015,"counterfactual",-140932.425787643,11,TRUE
2015,"additionality",102500.120785542,11,TRUE
2016,"project",-99937.6177659184,11,TRUE
2016,"counterfactual",-152985.09847717,11,TRUE
2016,"additionality",53047.4807112515,11,TRUE
2017,"project",-30246.9681581855,11,TRUE
2017,"counterfactual",-179836.357112408,11,TRUE
2017,"additionality",149589.388954222,11,TRUE
2018,"project",-83724.1528522819,11,TRUE
2018,"counterfactual",-200168.691910349,11,TRUE
2018,"additionality",116444.539058067,11,TRUE
2019,"project",-56715.6854428425,11,TRUE
2019,"counterfactual",-312824.499509931,11,TRUE
2019,"additionality",256108.814067088,11,TRUE
2020,"project",-25714.1151684523,11,TRUE
2020,"counterfactual",-224808.547121674,11,TRUE
2020,"additionality",199094.431953222,11,TRUE
2021,"project",-43117.1264735907,11,TRUE
2021,"counterfactual",-151198.158743635,11,TRUE
2021,"additionality",108081.032270044,11,TRUE
1991,"project",-30938.6867647097,12,FALSE
1991,"counterfactual",-11602.0075367615,12,FALSE
1991,"additionality",-19336.6792279482,12,FALSE
1992,"project",0,12,FALSE
1992,"counterfactual",0,12,FALSE
1992,"additionality",0,12,FALSE
1993,"project",0,12,FALSE
1993,"counterfactual",0,12,FALSE
1993,"additionality",0,12,FALSE
1994,"project",0,12,FALSE
1994,"counterfactual",0,12,FALSE
1994,"additionality",0,12,FALSE
1995,"project",0,12,FALSE
1995,"counterfactual",-3867.33584559709,12,FALSE
1995,"additionality",3867.33584559709,12,FALSE
1996,"project",0,12,FALSE
1996,"counterfactual",0,12,FALSE
1996,"additionality",0,12,FALSE
1997,"project",0,12,FALSE
1997,"counterfactual",0,12,FALSE
1997,"additionality",0,12,FALSE
1998,"project",-30734.3153582439,12,FALSE
1998,"counterfactual",-52785.4660875648,12,FALSE
1998,"additionality",22051.1507293209,12,FALSE
1999,"project",-9668.33961398154,12,FALSE
1999,"counterfactual",-3867.33584558964,12,FALSE
1999,"additionality",-5801.00376839191,12,FALSE
2000,"project",-18555.8756493554,12,FALSE
2000,"counterfactual",-19336.6792279556,12,FALSE
2000,"additionality",780.803578600287,12,FALSE
2001,"project",-13535.6754595786,12,FALSE
2001,"counterfactual",-23780.4472456351,12,FALSE
2001,"additionality",10244.7717860565,12,FALSE
2002,"project",-32935.2381971925,12,FALSE
2002,"counterfactual",-30912.4853023514,12,FALSE
2002,"additionality",-2022.75289484113,12,FALSE
2003,"project",-73479.3810662031,12,FALSE
2003,"counterfactual",-45050.7943964005,12,FALSE
2003,"additionality",-28428.5866698027,12,FALSE
2004,"project",-7132.03805670887,12,FALSE
2004,"counterfactual",-6377.43594048917,12,FALSE
2004,"additionality",-754.602116219699,12,FALSE
2005,"project",-13535.6754595563,12,FALSE
2005,"counterfactual",-6466.52091253549,12,FALSE
2005,"additionality",-7069.15454702079,12,FALSE
2006,"project",-27647.7830912471,12,FALSE
2006,"counterfactual",-46408.0301470831,12,FALSE
2006,"additionality",18760.247055836,12,FALSE
2007,"project",-71545.7131433934,12,FALSE
2007,"counterfactual",-53540.0682037696,12,FALSE
2007,"additionality",-18005.6449396238,12,FALSE
2008,"project",-17403.0113051683,12,FALSE
2008,"counterfactual",-8400.18883535266,12,FALSE
2008,"additionality",-9002.82246981561,12,FALSE
2009,"project",-23204.0150735378,12,FALSE
2009,"counterfactual",-27071.35091912,12,FALSE
2009,"additionality",3867.33584558219,12,FALSE
2010,"project",-25803.2001404911,12,FALSE
2010,"counterfactual",-21270.347150743,12,FALSE
2010,"additionality",-4532.85298974812,12,FALSE
2011,"project",-10821.203958191,12,FALSE
2011,"counterfactual",-11602.0075367689,12,FALSE
2011,"additionality",780.803578577936,12,FALSE
2012,"project",-5801.00376837701,12,TRUE
2012,"counterfactual",-14688.5398037806,12,TRUE
2012,"additionality",8887.53603540361,12,TRUE
2013,"project",-50851.7981647775,12,TRUE
2013,"counterfactual",-139690.476471394,12,TRUE
2013,"additionality",88838.6783066168,12,TRUE
2014,"project",-20002.1963721067,12,TRUE
2014,"counterfactual",-126883.201665677,12,TRUE
2014,"additionality",106881.00529357,12,TRUE
2015,"project",-56207.377072908,12,TRUE
2015,"counterfactual",-155699.569978543,12,TRUE
2015,"additionality",99492.1929056346,12,TRUE
2016,"project",-102819.778626427,12,TRUE
2016,"counterfactual",-141419.772987694,12,TRUE
2016,"additionality",38599.9943612665,12,TRUE
2017,"project",-37316.1227052137,12,TRUE
2017,"counterfactual",-189992.04392644,12,TRUE
2017,"additionality",152675.921221226,12,TRUE
2018,"project",-54808.2189824283,12,TRUE
2018,"counterfactual",-222424.214046136,12,TRUE
2018,"additionality",167615.995063707,12,TRUE
2019,"project",-59047.6155936345,12,TRUE
2019,"counterfactual",-314978.259716623,12,TRUE
2019,"additionality",255930.644122988,12,TRUE
2020,"project",-11397.6361302882,12,TRUE
2020,"counterfactual",-209915.635911435,12,TRUE
2020,"additionality",198517.999781147,12,TRUE
2021,"project",-23204.0150735453,12,TRUE
2021,"counterfactual",-146345.647912979,12,TRUE
2021,"additionality",123141.632839434,12,TRUE
1991,"project",-25137.6829963326,13,FALSE
1991,"counterfactual",-13535.6754595786,13,FALSE
1991,"additionality",-11602.007536754,13,FALSE
1992,"project",0,13,FALSE
1992,"counterfactual",0,13,FALSE
1992,"additionality",0,13,FALSE
1993,"project",0,13,FALSE
1993,"counterfactual",0,13,FALSE
1993,"additionality",0,13,FALSE
1994,"project",0,13,FALSE
1994,"counterfactual",-1933.66792279482,13,FALSE
1994,"additionality",1933.66792279482,13,FALSE
1995,"project",0,13,FALSE
1995,"counterfactual",-7734.67169117182,13,FALSE
1995,"additionality",7734.67169117182,13,FALSE
1996,"project",0,13,FALSE
1996,"counterfactual",0,13,FALSE
1996,"additionality",0,13,FALSE
1997,"project",0,13,FALSE
1997,"counterfactual",0,13,FALSE
1997,"additionality",0,13,FALSE
1998,"project",-24152.5080112815,13,FALSE
1998,"counterfactual",-38468.9870494232,13,FALSE
1998,"additionality",14316.4790381417,13,FALSE
1999,"project",-7734.67169117928,13,FALSE
1999,"counterfactual",0,13,FALSE
1999,"additionality",-7734.67169117928,13,FALSE
2000,"project",-14688.5398037806,13,FALSE
2000,"counterfactual",-14112.1076316759,13,FALSE
2000,"additionality",-576.432172104716,13,FALSE
2001,"project",-19336.6792279482,13,FALSE
2001,"counterfactual",-14112.107631661,13,FALSE
2001,"additionality",-5224.57159628719,13,FALSE
2002,"project",-26531.6007943302,13,FALSE
2002,"counterfactual",-16863.261180371,13,FALSE
2002,"additionality",-9668.33961395919,13,FALSE
2003,"project",-42540.6943014935,13,FALSE
2003,"counterfactual",-58010.0376838446,13,FALSE
2003,"additionality",15469.3433823511,13,FALSE
2004,"project",-3264.70221111923,13,FALSE
2004,"counterfactual",-5109.28516185284,13,FALSE
2004,"additionality",1844.5829507336,13,FALSE
2005,"project",-11602.0075367615,13,FALSE
2005,"counterfactual",-6466.52091254294,13,FALSE
2005,"additionality",-5135.48662421852,13,FALSE
2006,"project",-23780.4472456425,13,FALSE
2006,"counterfactual",-39249.7906280085,13,FALSE
2006,"additionality",15469.343382366,13,FALSE
2007,"project",-62453.8057015538,13,FALSE
2007,"counterfactual",-54142.7018382624,13,FALSE
2007,"additionality",-8311.10386329144,13,FALSE
2008,"project",-11602.0075367615,13,FALSE
2008,"counterfactual",-4532.85298974812,13,FALSE
2008,"additionality",-7069.15454701334,13,FALSE
2009,"project",-17403.0113051459,13,FALSE
2009,"counterfactual",-17403.0113051534,13,FALSE
2009,"additionality",7.45058059692383e-09,13,FALSE
2010,"project",-25803.200140506,13,FALSE
2010,"counterfactual",-23204.0150735378,13,FALSE
2010,"additionality",-2599.1850669682,13,FALSE
2011,"project",-5801.00376837701,13,FALSE
2011,"counterfactual",-14112.1076316759,13,FALSE
2011,"additionality",8311.10386329889,13,FALSE
2012,"project",-10244.7717860788,13,TRUE
2012,"counterfactual",-11602.007536754,13,TRUE
2012,"additionality",1357.2357506752,13,TRUE
2013,"project",-49494.5624140799,13,TRUE
2013,"counterfactual",-136436.254845232,13,TRUE
2013,"additionality",86941.6924311519,13,TRUE
2014,"project",-18555.8756493852,13,TRUE
2014,"counterfactual",-122324.147213548,13,TRUE
2014,"additionality",103768.271564163,13,TRUE
2015,"project",-35922.2049072012,13,TRUE
2015,"counterfactual",-126243.885983892,13,TRUE
2015,"additionality",90321.6810766906,13,TRUE
2016,"project",-96442.3426859528,13,TRUE
2016,"counterfactual",-157544.152929269,13,TRUE
2016,"additionality",61101.810243316,13,TRUE
2017,"project",-30336.0531302467,13,TRUE
2017,"counterfactual",-162716.321600832,13,TRUE
2017,"additionality",132380.268470585,13,TRUE
2018,"project",-69612.0452206209,13,TRUE
2018,"counterfactual",-242211.55842682,13,TRUE
2018,"additionality",172599.513206199,13,TRUE
2019,"project",-45690.1100781709,13,TRUE
2019,"counterfactual",-332700.928862676,13,TRUE
2019,"additionality",287010.818784505,13,TRUE
2020,"project",-9463.96820750833,13,TRUE
2020,"counterfactual",-210696.439490013,13,TRUE
2020,"additionality",201232.471282504,13,TRUE
2021,"project",-34806.0226102993,13,TRUE
2021,"counterfactual",-149060.119414367,13,TRUE
2021,"additionality",114254.096804067,13,TRUE
1991,"project",-29005.0188419223,14,FALSE
1991,"counterfactual",-17403.0113051534,14,FALSE
1991,"additionality",-11602.0075367689,14,FALSE
1992,"project",0,14,FALSE
1992,"counterfactual",0,14,FALSE
1992,"additionality",0,14,FALSE
1993,"project",0,14,FALSE
1993,"counterfactual",0,14,FALSE
1993,"additionality",0,14,FALSE
1994,"project",0,14,FALSE
1994,"counterfactual",-1933.66792279482,14,FALSE
1994,"additionality",1933.66792279482,14,FALSE
1995,"project",0,14,FALSE
1995,"counterfactual",-5801.00376838446,14,FALSE
1995,"additionality",5801.00376838446,14,FALSE
1996,"project",0,14,FALSE
1996,"counterfactual",0,14,FALSE
1996,"additionality",0,14,FALSE
1997,"project",-1933.66792279482,14,FALSE
1997,"counterfactual",0,14,FALSE
1997,"additionality",-1933.66792279482,14,FALSE
1998,"project",-19913.1114000529,14,FALSE
1998,"counterfactual",-32872.3546875119,14,FALSE
1998,"additionality",12959.243287459,14,FALSE
1999,"project",-5801.00376839191,14,FALSE
1999,"counterfactual",-1933.66792280227,14,FALSE
1999,"additionality",-3867.33584558964,14,FALSE
2000,"project",-17979.4434772655,14,FALSE
2000,"counterfactual",-17403.0113051459,14,FALSE
2000,"additionality",-576.432172119617,14,FALSE
2001,"project",-21270.347150743,14,FALSE
2001,"counterfactual",-21270.3471507579,14,FALSE
2001,"additionality",1.49011611938477e-08,14,FALSE
2002,"project",-18068.5284493193,14,FALSE
2002,"counterfactual",-23780.4472456351,14,FALSE
2002,"additionality",5711.91879631579,14,FALSE
2003,"project",-54142.7018382475,14,FALSE
2003,"counterfactual",-58586.4698559567,14,FALSE
2003,"additionality",4443.76801770926,14,FALSE
2004,"project",-2599.18506696075,14,FALSE
2004,"counterfactual",-9553.05317955464,14,FALSE
2004,"additionality",6953.86811259389,14,FALSE
2005,"project",-5801.00376836956,14,FALSE
2005,"counterfactual",-5801.00376836956,14,FALSE
2005,"additionality",0,14,FALSE
2006,"project",-14688.5398037955,14,FALSE
2006,"counterfactual",-36739.6905331165,14,FALSE
2006,"additionality",22051.1507293209,14,FALSE
2007,"project",-94749.7282169461,14,FALSE
2007,"counterfactual",-72876.7474317327,14,FALSE
2007,"additionality",-21872.9807852134,14,FALSE
2008,"project",-7734.67169117928,14,FALSE
2008,"counterfactual",-10999.3739022836,14,FALSE
2008,"additionality",3264.70221110433,14,FALSE
2009,"project",-17403.0113051459,14,FALSE
2009,"counterfactual",-17403.0113051608,14,FALSE
2009,"additionality",1.49011611938477e-08,14,FALSE
2010,"project",-27736.8680632934,14,FALSE
2010,"counterfactual",-15469.3433823511,14,FALSE
2010,"additionality",-12267.5246809423,14,FALSE
2011,"project",-10333.8567581326,14,FALSE
2011,"counterfactual",-11602.0075367689,14,FALSE
2011,"additionality",1268.15077863634,14,FALSE
2012,"project",0,14,TRUE
2012,"counterfactual",-7734.67169118673,14,TRUE
2012,"additionality",7734.67169118673,14,TRUE
2013,"project",-57229.2341052666,14,TRUE
2013,"counterfactual",-138369.922768012,14,TRUE
2013,"additionality",81140.6886627451,14,TRUE
2014,"project",-8887.53603540361,14,TRUE
2014,"counterfactual",-108044.350222722,14,TRUE
2014,"additionality",99156.8141873181,14,TRUE
2015,"project",-51391.5482895449,14,TRUE
2015,"counterfactual",-146644.344583996,14,TRUE
2015,"additionality",95252.7962944508,14,TRUE
2016,"project",-85621.1387277842,14,TRUE
2016,"counterfactual",-158005.298666976,14,TRUE
2016,"additionality",72384.1599391922,14,TRUE
2017,"project",-38558.0720214695,14,TRUE
2017,"counterfactual",-164010.673841827,14,TRUE
2017,"additionality",125452.601820357,14,TRUE
2018,"project",-87015.0565257594,14,TRUE
2018,"counterfactual",-207751.395119794,14,TRUE
2018,"additionality",120736.338594034,14,TRUE
2019,"project",-50621.225295946,14,TRUE
2019,"counterfactual",-282436.04345493,14,TRUE
2019,"additionality",231814.818158984,14,TRUE
2020,"project",-19913.111400038,14,TRUE
2020,"counterfactual",-198517.999781139,14,TRUE
2020,"additionality",178604.888381101,14,TRUE
2021,"project",-27071.3509191349,14,TRUE
2021,"counterfactual",-136305.247533381,14,TRUE
2021,"additionality",109233.896614246,14,TRUE
1991,"project",-32872.354687497,15,FALSE
1991,"counterfactual",-15469.343382366,15,FALSE
1991,"additionality",-17403.011305131,15,FALSE
1992,"project",0,15,FALSE
1992,"counterfactual",0,15,FALSE
1992,"additionality",0,15,FALSE
1993,"project",0,15,FALSE
1993,"counterfactual",0,15,FALSE
1993,"additionality",0,15,FALSE
1994,"project",0,15,FALSE
1994,"counterfactual",0,15,FALSE
1994,"additionality",0,15,FALSE
1995,"project",0,15,FALSE
1995,"counterfactual",-9668.33961397409,15,FALSE
1995,"additionality",9668.33961397409,15,FALSE
1996,"project",0,15,FALSE
1996,"counterfactual",0,15,FALSE
1996,"additionality",0,15,FALSE
1997,"project",-1933.66792280227,15,FALSE
1997,"counterfactual",0,15,FALSE
1997,"additionality",-1933.66792280227,15,FALSE
1998,"project",-30157.8831861466,15,FALSE
1998,"counterfactual",-48137.3266633898,15,FALSE
1998,"additionality",17979.4434772432,15,FALSE
1999,"project",-5801.00376837701,15,FALSE
1999,"counterfactual",-11602.0075367764,15,FALSE
1999,"additionality",5801.00376839936,15,FALSE
2000,"project",-17775.0720707849,15,FALSE
2000,"counterfactual",-11602.0075367615,15,FALSE
2000,"additionality",-6173.0645340234,15,FALSE
2001,"project",-17403.0113051534,15,FALSE
2001,"counterfactual",-17979.4434772655,15,FALSE
2001,"additionality",576.432172112167,15,FALSE
2002,"project",-28402.3852074519,15,FALSE
2002,"counterfactual",-36021.7704642043,15,FALSE
2002,"additionality",7619.38525675237,15,FALSE
2003,"project",-46408.0301470831,15,FALSE
2003,"counterfactual",-48341.6980698779,15,FALSE
2003,"additionality",1933.66792279482,15,FALSE
2004,"project",-4595.73649942875,15,FALSE
2004,"counterfactual",-3867.33584558219,15,FALSE
2004,"additionality",-728.400653846562,15,FALSE
2005,"project",-4443.76801770926,15,FALSE
2005,"counterfactual",-6466.52091255784,15,FALSE
2005,"additionality",2022.75289484859,15,FALSE
2006,"project",-25137.6829963252,15,FALSE
2006,"counterfactual",-50851.7981647626,15,FALSE
2006,"additionality",25714.1151684374,15,FALSE
2007,"project",-87591.4886978716,15,FALSE
2007,"counterfactual",-69585.8437582478,15,FALSE
2007,"additionality",-18005.6449396238,15,FALSE
2008,"project",-19336.6792279482,15,FALSE
2008,"counterfactual",-1933.66792279482,15,FALSE
2008,"additionality",-17403.0113051534,15,FALSE
2009,"project",-23869.5322177038,15,FALSE
2009,"counterfactual",-27071.3509191349,15,FALSE
2009,"additionality",3201.81870143116,15,FALSE
2010,"project",-25137.6829963326,15,FALSE
2010,"counterfactual",-19336.6792279407,15,FALSE
2010,"additionality",-5801.00376839191,15,FALSE
2011,"project",-1933.66792278737,15,FALSE
2011,"counterfactual",-13535.6754595712,15,FALSE
2011,"additionality",11602.0075367838,15,FALSE
2012,"project",-5801.00376839191,15,TRUE
2012,"counterfactual",-14201.1926037222,15,TRUE
2012,"additionality",8400.18883533031,15,TRUE
2013,"project",-56448.4305266812,15,TRUE
2013,"counterfactual",-150716.051836051,15,TRUE
2013,"additionality",94267.6213093698,15,TRUE
2014,"project",-8887.53603539616,15,TRUE
2014,"counterfactual",-92575.0068403631,15,TRUE
2014,"additionality",83687.470804967,15,TRUE
2015,"project",-48100.6446160749,15,TRUE
2015,"counterfactual",-126154.801011823,15,TRUE
2015,"additionality",78054.1563957483,15,TRUE
2016,"project",-97799.5784366503,15,TRUE
2016,"counterfactual",-127884.097528152,15,TRUE
2016,"additionality",30084.5190915018,15,TRUE
2017,"project",-36110.8554362655,15,TRUE
2017,"counterfactual",-180119.332905978,15,TRUE
2017,"additionality",144008.477469712,15,TRUE
2018,"project",-66897.5737192333,15,TRUE
2018,"counterfactual",-223079.25060536,15,TRUE
2018,"additionality",156181.676886126,15,TRUE
2019,"project",-66179.6536503285,15,TRUE
2019,"counterfactual",-296983.095361926,15,TRUE
2019,"additionality",230803.441711597,15,TRUE
2020,"project",-12754.8718809932,15,TRUE
2020,"counterfactual",-196416.642499201,15,TRUE
2020,"additionality",183661.770618208,15,TRUE
2021,"project",-25137.6829963326,15,TRUE
2021,"counterfactual",-143259.115645967,15,TRUE
2021,"additionality",118121.432649635,15,TRUE
1991,"project",-29581.451014027,16,FALSE
1991,"counterfactual",-19913.1114000529,16,FALSE
1991,"additionality",-9668.33961397409,16,FALSE
1992,"project",-665.517144158483,16,FALSE
1992,"counterfactual",0,16,FALSE
1992,"additionality",-665.517144158483,16,FALSE
1993,"project",0,16,FALSE
1993,"counterfactual",0,16,FALSE
1993,"additionality",0,16,FALSE
1994,"project",0,16,FALSE
1994,"counterfactual",-3867.33584559709,16,FALSE
1994,"additionality",3867.33584559709,16,FALSE
1995,"project",0,16,FALSE
1995,"counterfactual",-5801.00376838446,16,FALSE
1995,"additionality",5801.00376838446,16,FALSE
1996,"project",0,16,FALSE
1996,"counterfactual",0,16,FALSE
1996,"additionality",0,16,FALSE
1997,"project",-1933.66792279482,16,FALSE
1997,"counterfactual",0,16,FALSE
1997,"additionality",-1933.66792279482,16,FALSE
1998,"project",-19913.1114000604,16,FALSE
1998,"counterfactual",-36739.6905330941,16,FALSE
1998,"additionality",16826.5791330338,16,FALSE
1999,"project",-11602.0075367689,16,FALSE
1999,"counterfactual",-3867.33584558964,16,FALSE
1999,"additionality",-7734.67169117928,16,FALSE
2000,"project",-14688.5398037806,16,FALSE
2000,"counterfactual",-15469.3433823735,16,FALSE
2000,"additionality",780.803578592837,16,FALSE
2001,"project",-19336.6792279556,16,FALSE
2001,"counterfactual",-19913.1114000529,16,FALSE
2001,"additionality",576.432172097266,16,FALSE
2002,"project",-18734.0455934554,16,FALSE
2002,"counterfactual",-23088.7286391109,16,FALSE
2002,"additionality",4354.68304565549,16,FALSE
2003,"project",-40607.0263786986,16,FALSE
2003,"counterfactual",-53361.8982596695,16,FALSE
2003,"additionality",12754.8718809709,16,FALSE
2004,"project",-5198.37013391405,16,FALSE
2004,"counterfactual",-8976.62100745738,16,FALSE
2004,"additionality",3778.25087354332,16,FALSE
2005,"project",-16045.7755544558,16,FALSE
2005,"counterfactual",-6466.52091254294,16,FALSE
2005,"additionality",-9579.25464191288,16,FALSE
2006,"project",-37892.5548773259,16,FALSE
2006,"counterfactual",-44474.3622242734,16,FALSE
2006,"additionality",6581.80734694749,16,FALSE
2007,"project",-85657.8207750916,16,FALSE
2007,"counterfactual",-70827.7930745333,16,FALSE
2007,"additionality",-14830.0277005583,16,FALSE
2008,"project",-19336.6792279407,16,FALSE
2008,"counterfactual",-4532.85298973322,16,FALSE
2008,"additionality",-14803.8262382075,16,FALSE
2009,"project",-21935.8642949015,16,FALSE
2009,"counterfactual",-17403.0113051459,16,FALSE
2009,"additionality",-4532.85298975557,16,FALSE
2010,"project",-14201.1926037073,16,FALSE
2010,"counterfactual",-21270.3471507579,16,FALSE
2010,"additionality",7069.1545470506,16,FALSE
2011,"project",-8976.62100745738,16,FALSE
2011,"counterfactual",-18644.9606214166,16,FALSE
2011,"additionality",9668.33961395919,16,FALSE
2012,"project",-6377.43594049662,16,TRUE
2012,"counterfactual",-8976.62100744992,16,TRUE
2012,"additionality",2599.1850669533,16,TRUE
2013,"project",-39249.7906280011,16,TRUE
2013,"counterfactual",-131416.054655418,16,TRUE
2013,"additionality",92166.2640274167,16,TRUE
2014,"project",-18927.9364150017,16,TRUE
2014,"counterfactual",-97595.2070301622,16,TRUE
2014,"additionality",78667.2706151605,16,TRUE
2015,"project",-54478.0805565789,16,TRUE
2015,"counterfactual",-159771.27723062,16,TRUE
2015,"additionality",105293.196674041,16,TRUE
2016,"project",-78295.2098495364,16,TRUE
2016,"counterfactual",-149117.762631565,16,TRUE
2016,"additionality",70822.5527820289,16,TRUE
2017,"project",-49583.6473861411,16,TRUE
2017,"counterfactual",-188278.468287528,16,TRUE
2017,"additionality",138694.820901386,16,TRUE
2018,"project",-58586.4698559493,16,TRUE
2018,"counterfactual",-206457.042878792,16,TRUE
2018,"additionality",147870.573022842,16,TRUE
2019,"project",-72185.0288251936,16,TRUE
2019,"counterfactual",-302401.557779737,16,TRUE
2019,"additionality",230216.528954543,16,TRUE
2020,"project",-21065.9757442772,16,TRUE
2020,"counterfactual",-211477.243068591,16,TRUE
2020,"additionality",190411.267324314,16,TRUE
2021,"project",-28915.9338698685,16,TRUE
2021,"counterfactual",-107300.228691466,16,TRUE
2021,"additionality",78384.2948215976,16,TRUE
1991,"project",-38673.3584558964,17,FALSE
1991,"counterfactual",-17403.0113051608,17,FALSE
1991,"additionality",-21270.3471507356,17,FALSE
1992,"project",0,17,FALSE
1992,"counterfactual",0,17,FALSE
1992,"additionality",0,17,FALSE
1993,"project",0,17,FALSE
1993,"counterfactual",0,17,FALSE
1993,"additionality",0,17,FALSE
1994,"project",0,17,FALSE
1994,"counterfactual",-3867.33584558219,17,FALSE
1994,"additionality",3867.33584558219,17,FALSE
1995,"project",0,17,FALSE
1995,"counterfactual",-15469.343382366,17,FALSE
1995,"additionality",15469.343382366,17,FALSE
1996,"project",0,17,FALSE
1996,"counterfactual",0,17,FALSE
1996,"additionality",0,17,FALSE
1997,"project",-3867.33584559709,17,FALSE
1997,"counterfactual",0,17,FALSE
1997,"additionality",-3867.33584559709,17,FALSE
1998,"project",-37892.5548773035,17,FALSE
1998,"counterfactual",-39826.2228000984,17,FALSE
1998,"additionality",1933.66792279482,17,FALSE
1999,"project",-16045.7755544782,17,FALSE
1999,"counterfactual",-1933.66792279482,17,FALSE
1999,"additionality",-14112.1076316833,17,FALSE
2000,"project",-15264.9719758853,17,FALSE
2000,"counterfactual",-17403.0113051608,17,FALSE
2000,"additionality",2138.03932927549,17,FALSE
2001,"project",-15469.3433823586,17,FALSE
2001,"counterfactual",-28224.2152633443,17,FALSE
2001,"additionality",12754.8718809858,17,FALSE
2002,"project",-26468.7172846422,17,FALSE
2002,"counterfactual",-29644.3345237151,17,FALSE
2002,"additionality",3175.61723907292,17,FALSE
2003,"project",-42540.6943014935,17,FALSE
2003,"counterfactual",-44474.3622242808,17,FALSE
2003,"additionality",1933.66792278737,17,FALSE
2004,"project",-4595.7364994362,17,FALSE
2004,"counterfactual",-3867.33584558219,17,FALSE
2004,"additionality",-728.400653854012,17,FALSE
2005,"project",-13535.6754595637,17,FALSE
2005,"counterfactual",-10999.3739022985,17,FALSE
2005,"additionality",-2536.30155726522,17,FALSE
2006,"project",-21270.3471507505,17,FALSE
2006,"counterfactual",-30938.6867647171,17,FALSE
2006,"additionality",9668.33961396664,17,FALSE
2007,"project",-85081.3886029571,17,FALSE
2007,"counterfactual",-74144.8982103616,17,FALSE
2007,"additionality",-10936.4903925955,17,FALSE
2008,"project",-21270.3471507579,17,FALSE
2008,"counterfactual",-3867.33584561199,17,FALSE
2008,"additionality",-17403.0113051459,17,FALSE
2009,"project",-27071.3509191275,17,FALSE
2009,"counterfactual",-23204.0150735229,17,FALSE
2009,"additionality",-3867.33584560454,17,FALSE
2010,"project",-11602.0075367689,17,FALSE
2010,"counterfactual",-13535.6754595637,17,FALSE
2010,"additionality",1933.66792279482,17,FALSE
2011,"project",-1933.66792279482,17,FALSE
2011,"counterfactual",-13535.6754595786,17,FALSE
2011,"additionality",11602.0075367838,17,FALSE
2012,"project",-6377.43594049662,17,TRUE
2012,"counterfactual",-14112.1076316684,17,TRUE
2012,"additionality",7734.67169117182,17,TRUE
2013,"project",-35382.454782404,17,TRUE
2013,"counterfactual",-142032.887207128,17,TRUE
2013,"additionality",106650.432424724,17,TRUE
2014,"project",-10821.203958191,17,TRUE
2014,"counterfactual",-135859.822673112,17,TRUE
2014,"additionality",125038.618714921,17,TRUE
2015,"project",-37651.5014235228,17,TRUE
2015,"counterfactual",-141419.772987716,17,TRUE
2015,"additionality",103768.271564193,17,TRUE
2016,"project",-86774.0030719712,17,TRUE
2016,"counterfactual",-165367.909592509,17,TRUE
2016,"additionality",78593.906520538,17,TRUE
2017,"project",-28889.7324075177,17,TRUE
2017,"counterfactual",-170592.481188789,17,TRUE
2017,"additionality",141702.748781271,17,TRUE
2018,"project",-61877.3735294268,17,TRUE
2018,"counterfactual",-219248.596807092,17,TRUE
2018,"additionality",157371.223277666,17,TRUE
2019,"project",-50621.2252959386,17,TRUE
2019,"counterfactual",-315643.776860788,17,TRUE
2019,"additionality",265022.55156485,17,TRUE
2020,"project",-16622.207726568,17,TRUE
2020,"counterfactual",-215344.578914165,17,TRUE
2020,"additionality",198722.371187598,17,TRUE
2021,"project",-27071.3509191275,17,TRUE
2021,"counterfactual",-149636.551586471,17,TRUE
2021,"additionality",122565.200667344,17,TRUE
1991,"project",-17403.0113051459,18,FALSE
1991,"counterfactual",-9668.33961397409,18,FALSE
1991,"additionality",-7734.67169117182,18,FALSE
1992,"project",0,18,FALSE
1992,"counterfactual",0,18,FALSE
1992,"additionality",0,18,FALSE
1993,"project",0,18,FALSE
1993,"counterfactual",0,18,FALSE
1993,"additionality",0,18,FALSE
1994,"project",0,18,FALSE
1994,"counterfactual",-3867.33584558964,18,FALSE
1994,"additionality",3867.33584558964,18,FALSE
1995,"project",0,18,FALSE
1995,"counterfactual",-5801.00376838446,18,FALSE
1995,"additionality",5801.00376838446,18,FALSE
1996,"project",0,18,FALSE
1996,"counterfactual",0,18,FALSE
1996,"additionality",0,18,FALSE
1997,"project",-3867.33584558964,18,FALSE
1997,"counterfactual",0,18,FALSE
1997,"additionality",-3867.33584558964,18,FALSE
1998,"project",-20489.5435721576,18,FALSE
1998,"counterfactual",-35382.4547824115,18,FALSE
1998,"additionality",14892.9112102538,18,FALSE
1999,"project",-6953.86811260879,18,FALSE
1999,"counterfactual",-4443.76801770926,18,FALSE
1999,"additionality",-2510.10009489954,18,FALSE
2000,"project",-17979.4434772655,18,FALSE
2000,"counterfactual",-15469.3433823511,18,FALSE
2000,"additionality",-2510.10009491444,18,FALSE
2001,"project",-29005.0188419223,18,FALSE
2001,"counterfactual",-25714.1151684299,18,FALSE
2001,"additionality",-3290.90367349237,18,FALSE
2002,"project",-18734.0455934703,18,FALSE
2002,"counterfactual",-14777.6247758418,18,FALSE
2002,"additionality",-3956.4208176285,18,FALSE
2003,"project",-44474.3622242808,18,FALSE
2003,"counterfactual",-46984.4623191804,18,FALSE
2003,"additionality",2510.10009489954,18,FALSE
2004,"project",-7797.55520086735,18,FALSE
2004,"counterfactual",-4532.85298974812,18,FALSE
2004,"additionality",-3264.70221111923,18,FALSE
2005,"project",-7734.67169117182,18,FALSE
2005,"counterfactual",-12267.5246809274,18,FALSE
2005,"additionality",4532.85298975557,18,FALSE
2006,"project",-21270.3471507579,18,FALSE
2006,"counterfactual",-52209.0339154676,18,FALSE
2006,"additionality",30938.6867647097,18,FALSE
2007,"project",-83147.7206801772,18,FALSE
2007,"counterfactual",-67075.7436633483,18,FALSE
2007,"additionality",-16071.977016829,18,FALSE
2008,"project",-7734.67169118673,18,FALSE
2008,"counterfactual",-1933.66792279482,18,FALSE
2008,"additionality",-5801.00376839191,18,FALSE
2009,"project",-19336.6792279333,18,FALSE
2009,"counterfactual",-15469.3433823511,18,FALSE
2009,"additionality",-3867.33584558219,18,FALSE
2010,"project",-21270.347150743,18,FALSE
2010,"counterfactual",-11602.0075367764,18,FALSE
2010,"additionality",-9668.33961396664,18,FALSE
2011,"project",-3867.33584559709,18,FALSE
2011,"counterfactual",-17403.0113051459,18,FALSE
2011,"additionality",13535.6754595488,18,FALSE
2012,"project",-1933.66792279482,18,TRUE
2012,"counterfactual",-7734.67169118673,18,TRUE
2012,"additionality",5801.00376839191,18,TRUE
2013,"project",-47560.8944912851,18,TRUE
2013,"counterfactual",-154787.759088114,18,TRUE
2013,"additionality",107226.864596829,18,TRUE
2014,"project",-17775.0720707923,18,TRUE
2014,"counterfactual",-121171.282869346,18,TRUE
2014,"additionality",103396.210798554,18,TRUE
2015,"project",-65875.7166868597,18,TRUE
2015,"counterfactual",-148373.641100302,18,TRUE
2015,"additionality",82497.9244134426,18,TRUE
2016,"project",-110182.38955199,18,TRUE
2016,"counterfactual",-159158.163011186,18,TRUE
2016,"additionality",48975.7734591961,18,TRUE
2017,"project",-28313.3002354056,18,TRUE
2017,"counterfactual",-188865.381044574,18,TRUE
2017,"additionality",160552.080809169,18,TRUE
2018,"project",-64387.4736243263,18,TRUE
2018,"counterfactual",-194393.889604338,18,TRUE
2018,"additionality",130006.415980011,18,TRUE
2019,"project",-57868.5497870743,18,TRUE
2019,"counterfactual",-325107.745068274,18,TRUE
2019,"additionality",267239.1952812,18,TRUE
2020,"project",-18555.8756493628,18,TRUE
2020,"counterfactual",-231185.983062163,18,TRUE
2020,"additionality",212630.1074128,18,TRUE
2021,"project",-27647.7830912247,18,TRUE
2021,"counterfactual",-136305.247533388,18,TRUE
2021,"additionality",108657.464442164,18,TRUE
1991,"project",-31515.1189368144,19,FALSE
1991,"counterfactual",-25137.6829963326,19,FALSE
1991,"additionality",-6377.43594048172,19,FALSE
1992,"project",0,19,FALSE
1992,"counterfactual",0,19,FALSE
1992,"additionality",0,19,FALSE
1993,"project",0,19,FALSE
1993,"counterfactual",0,19,FALSE
1993,"additionality",0,19,FALSE
1994,"project",0,19,FALSE
1994,"counterfactual",-1933.66792279482,19,FALSE
1994,"additionality",1933.66792279482,19,FALSE
1995,"project",0,19,FALSE
1995,"counterfactual",-3867.33584558964,19,FALSE
1995,"additionality",3867.33584558964,19,FALSE
1996,"project",0,19,FALSE
1996,"counterfactual",0,19,FALSE
1996,"additionality",0,19,FALSE
1997,"project",0,19,FALSE
1997,"counterfactual",0,19,FALSE
1997,"additionality",0,19,FALSE
1998,"project",-26290.547340557,19,FALSE
1998,"counterfactual",-59739.3342001662,19,FALSE
1998,"additionality",33448.7868596092,19,FALSE
1999,"project",-15469.3433823511,19,FALSE
1999,"counterfactual",-7734.67169117928,19,FALSE
1999,"additionality",-7734.67169117182,19,FALSE
2000,"project",-17775.0720707923,19,FALSE
2000,"counterfactual",-15469.3433823586,19,FALSE
2000,"additionality",-2305.72868843377,19,FALSE
2001,"project",-19336.6792279407,19,FALSE
2001,"counterfactual",-30734.3153582588,19,FALSE
2001,"additionality",11397.636130318,19,FALSE
2002,"project",-40669.9098883793,19,FALSE
2002,"counterfactual",-21909.6628325284,19,FALSE
2002,"additionality",-18760.2470558509,19,FALSE
2003,"project",-40607.0263786912,19,FALSE
2003,"counterfactual",-52209.0339154527,19,FALSE
2003,"additionality",11602.0075367615,19,FALSE
2004,"project",-4595.7364994362,19,FALSE
2004,"counterfactual",-4443.76801770926,19,FALSE
2004,"additionality",-151.968481726944,19,FALSE
2005,"project",-18555.8756493703,19,FALSE
2005,"counterfactual",-14866.7097478807,19,FALSE
2005,"additionality",-3689.16590148956,19,FALSE
2006,"project",-41183.4585508108,19,FALSE
2006,"counterfactual",-36739.6905330941,19,FALSE
2006,"additionality",-4443.76801771671,19,FALSE
2007,"project",-85081.388602972,19,FALSE
2007,"counterfactual",-79830.6155443415,19,FALSE
2007,"additionality",-5250.77305863053,19,FALSE
2008,"project",-13535.6754595563,19,FALSE
2008,"counterfactual",-6466.52091254294,19,FALSE
2008,"additionality",-7069.15454701334,19,FALSE
2009,"project",-18734.0455934778,19,FALSE
2009,"counterfactual",-21270.3471507356,19,FALSE
2009,"additionality",2536.30155725777,19,FALSE
2010,"project",-23869.5322176889,19,FALSE
2010,"counterfactual",-17403.0113051459,19,FALSE
2010,"additionality",-6466.52091254294,19,FALSE
2011,"project",-5596.63236190379,19,FALSE
2011,"counterfactual",-7042.95308466256,19,FALSE
2011,"additionality",1446.32072275877,19,FALSE
2012,"project",-11974.0683024079,19,TRUE
2012,"counterfactual",-21527.1214819476,19,TRUE
2012,"additionality",9553.05317953974,19,TRUE
2013,"project",-57805.6662773713,19,TRUE
2013,"counterfactual",-147053.08739695,19,TRUE
2013,"additionality",89247.4211195782,19,TRUE
2014,"project",-13216.0176186711,19,TRUE
2014,"counterfactual",-128240.437416352,19,TRUE
2014,"additionality",115024.419797681,19,TRUE
2015,"project",-42299.6408476979,19,TRUE
2015,"counterfactual",-132327.865545839,19,TRUE
2015,"additionality",90028.2246981412,19,TRUE
2016,"project",-79793.9334970191,19,TRUE
2016,"counterfactual",-148426.044025049,19,TRUE
2016,"additionality",68632.1105280295,19,TRUE
2017,"project",-41246.3420604765,19,TRUE
2017,"counterfactual",-178017.975624032,19,TRUE
2017,"additionality",136771.633563556,19,TRUE
2018,"project",-68254.8094699234,19,TRUE
2018,"counterfactual",-204214.197700046,19,TRUE
2018,"additionality",135959.388230123,19,TRUE
2019,"project",-53335.6967973039,19,TRUE
2019,"counterfactual",-325160.147993006,19,TRUE
2019,"additionality",271824.451195702,19,TRUE
2020,"project",-25137.6829963326,19,TRUE
2020,"counterfactual",-212834.478819273,19,TRUE
2020,"additionality",187696.795822941,19,TRUE
2021,"project",-25137.6829963475,19,TRUE
2021,"counterfactual",-139187.408393919,19,TRUE
2021,"additionality",114049.725397572,19,TRUE
1991,"project",-34806.0226103142,20,FALSE
1991,"counterfactual",-29005.0188419372,20,FALSE
1991,"additionality",-5801.00376837701,20,FALSE
1992,"project",0,20,FALSE
1992,"counterfactual",0,20,FALSE
1992,"additionality",0,20,FALSE
1993,"project",0,20,FALSE
1993,"counterfactual",0,20,FALSE
1993,"additionality",0,20,FALSE
1994,"project",0,20,FALSE
1994,"counterfactual",-3867.33584558219,20,FALSE
1994,"additionality",3867.33584558219,20,FALSE
1995,"project",0,20,FALSE
1995,"counterfactual",-7734.67169117928,20,FALSE
1995,"additionality",7734.67169117928,20,FALSE
1996,"project",0,20,FALSE
1996,"counterfactual",0,20,FALSE
1996,"additionality",0,20,FALSE
1997,"project",0,20,FALSE
1997,"counterfactual",0,20,FALSE
1997,"additionality",0,20,FALSE
1998,"project",-22423.2114949524,20,FALSE
1998,"counterfactual",-52785.4660875723,20,FALSE
1998,"additionality",30362.2545926198,20,FALSE
1999,"project",-17403.0113051608,20,FALSE
1999,"counterfactual",-5801.00376837701,20,FALSE
1999,"additionality",-11602.0075367838,20,FALSE
2000,"project",-12754.8718809709,20,FALSE
2000,"counterfactual",-19336.6792279631,20,FALSE
2000,"additionality",6581.80734699219,20,FALSE
2001,"project",-17403.0113051683,20,FALSE
2001,"counterfactual",-19913.1114000455,20,FALSE
2001,"additionality",2510.10009487718,20,FALSE
2002,"project",-26468.7172846422,20,FALSE
2002,"counterfactual",-21244.1456883699,20,FALSE
2002,"additionality",-5224.57159627229,20,FALSE
2003,"project",-36739.690533109,20,FALSE
2003,"counterfactual",-32872.3546875119,20,FALSE
2003,"additionality",-3867.33584559709,20,FALSE
2004,"project",-3264.70221111178,20,FALSE
2004,"counterfactual",-12178.4397088811,20,FALSE
2004,"additionality",8913.7374977693,20,FALSE
2005,"project",-9668.33961397409,20,FALSE
2005,"counterfactual",-10333.8567581326,20,FALSE
2005,"additionality",665.517144158483,20,FALSE
2006,"project",-27647.7830912471,20,FALSE
2006,"counterfactual",-45050.794396393,20,FALSE
2006,"additionality",17403.0113051459,20,FALSE
2007,"project",-89525.1566206738,20,FALSE
2007,"counterfactual",-72211.2302875817,20,FALSE
2007,"additionality",-17313.9263330922,20,FALSE
2008,"project",-13535.6754595488,20,FALSE
2008,"counterfactual",-6466.52091252059,20,FALSE
2008,"additionality",-7069.15454702824,20,FALSE
2009,"project",-23204.0150735378,20,FALSE
2009,"counterfactual",-23204.0150735378,20,FALSE
2009,"additionality",0,20,FALSE
2010,"project",-27736.8680633008,20,FALSE
2010,"counterfactual",-23780.44724565,20,FALSE
2010,"additionality",-3956.42081765085,20,FALSE
2011,"project",-4443.7680176869,20,FALSE
2011,"counterfactual",-9668.33961397409,20,FALSE
2011,"additionality",5224.57159628719,20,FALSE
2012,"project",-6953.86811259389,20,TRUE
2012,"counterfactual",-12754.8718809858,20,TRUE
2012,"additionality",5801.00376839191,20,TRUE
2013,"project",-62453.8057015538,20,TRUE
2013,"counterfactual",-153226.151930958,20,TRUE
2013,"additionality",90772.3462294042,20,TRUE
2014,"project",-6377.43594048917,20,TRUE
2014,"counterfactual",-117508.318430223,20,TRUE
2014,"additionality",111130.882489733,20,TRUE
2015,"project",-60279.0843249559,20,TRUE
2015,"counterfactual",-163638.613076188,20,TRUE
2015,"additionality",103359.528751232,20,TRUE
2016,"project",-85427.2479062453,20,TRUE
2016,"counterfactual",-148745.701865949,20,TRUE
2016,"additionality",63318.4539597034,20,TRUE
2017,"project",-13535.6754595637,20,TRUE
2017,"counterfactual",-172526.149111591,20,TRUE
2017,"additionality",158990.473652028,20,TRUE
2018,"project",-76654.9983052686,20,TRUE
2018,"counterfactual",-217058.154553071,20,TRUE
2018,"additionality",140403.156247802,20,TRUE
2019,"project",-42399.206404686,20,TRUE
2019,"counterfactual",-340115.942712955,20,TRUE
2019,"additionality",297716.736308269,20,TRUE
2020,"project",-11974.0683024079,20,TRUE
2020,"counterfactual",-196007.899686232,20,TRUE
2020,"additionality",184033.831383824,20,TRUE
2021,"project",-19336.6792279482,20,TRUE
2021,"counterfactual",-145973.587147363,20,TRUE
2021,"additionality",126636.907919414,20,TRUE
