"year","var","val","n_sim","started"
1991,"project",0,1,FALSE
1991,"counterfactual",0,1,FALSE
1991,"additionality",0,1,FALSE
1992,"project",0,1,FALSE
1992,"counterfactual",0,1,FALSE
1992,"additionality",0,1,FALSE
1993,"project",0,1,FALSE
1993,"counterfactual",0,1,FALSE
1993,"additionality",0,1,FALSE
1994,"project",-3867.14522528648,1,FALSE
1994,"counterfactual",-46405.7427030802,1,FALSE
1994,"additionality",42538.5974777937,1,FALSE
1995,"project",-13535.0082884133,1,FALSE
1995,"counterfactual",-25136.4439641535,1,FALSE
1995,"additionality",11601.4356757402,1,FALSE
1996,"project",0,1,FALSE
1996,"counterfactual",0,1,FALSE
1996,"additionality",0,1,FALSE
1997,"project",0,1,FALSE
1997,"counterfactual",0,1,FALSE
1997,"additionality",0,1,FALSE
1998,"project",0,1,FALSE
1998,"counterfactual",0,1,FALSE
1998,"additionality",0,1,FALSE
1999,"project",-19335.7261262536,1,FALSE
1999,"counterfactual",-129549.365046144,1,FALSE
1999,"additionality",110213.63891989,1,FALSE
2000,"project",-230095.140902877,1,FALSE
2000,"counterfactual",-271276.569527984,1,FALSE
2000,"additionality",41181.4286251068,1,FALSE
2001,"project",-146170.753466874,1,FALSE
2001,"counterfactual",-285183.620243132,1,FALSE
2001,"additionality",139012.866776258,1,FALSE
2002,"project",-381657.889541596,1,FALSE
2002,"counterfactual",-302009.369996995,1,FALSE
2002,"additionality",-79648.5195446014,1,FALSE
2003,"project",-181551.464254081,1,FALSE
2003,"counterfactual",-201259.232807159,1,FALSE
2003,"additionality",19707.7685530782,1,FALSE
2004,"project",-200106.425287455,1,FALSE
2004,"counterfactual",-218084.982560992,1,FALSE
2004,"additionality",17978.5572735369,1,FALSE
2005,"project",-821694.999888837,1,FALSE
2005,"counterfactual",-402403.184862435,1,FALSE
2005,"additionality",-419291.815026402,1,FALSE
2006,"project",-288118.039384276,1,FALSE
2006,"counterfactual",-551571.237880617,1,FALSE
2006,"additionality",263453.198496342,1,FALSE
2007,"project",-276726.205075711,1,FALSE
2007,"counterfactual",-447121.636559367,1,FALSE
2007,"additionality",170395.431483656,1,FALSE
2008,"project",-387767.769396126,1,FALSE
2008,"counterfactual",-383455.221265495,1,FALSE
2008,"additionality",-4312.54813063145,1,FALSE
2009,"project",-927915.732763052,1,FALSE
2009,"counterfactual",-441724.401353419,1,FALSE
2009,"additionality",-486191.331409633,1,FALSE
2010,"project",-1041493.47362685,1,TRUE
2010,"counterfactual",-1098148.72318712,1,TRUE
2010,"additionality",56655.2495602667,1,TRUE
2011,"project",-1316899.19008911,1,TRUE
2011,"counterfactual",-1153693.08550116,1,TRUE
2011,"additionality",-163206.104587942,1,TRUE
2012,"project",-350002.843056768,1,TRUE
2012,"counterfactual",-766208.277950823,1,TRUE
2012,"additionality",416205.434894055,1,TRUE
2013,"project",-3381556.49777919,1,TRUE
2013,"counterfactual",-2093860.0181784,1,TRUE
2013,"additionality",-1287696.47960079,1,TRUE
2014,"project",-1579005.69980097,1,TRUE
2014,"counterfactual",-1098798.48742551,1,TRUE
2014,"additionality",-480207.212375462,1,TRUE
2015,"project",-657917.731575251,1,TRUE
2015,"counterfactual",-1027727.90383458,1,TRUE
2015,"additionality",369810.172259331,1,TRUE
2016,"project",-1286470.3116025,1,TRUE
2016,"counterfactual",-1186893.9420692,1,TRUE
2016,"additionality",-99576.3695333004,1,TRUE
2017,"project",-741548.677097052,1,TRUE
2017,"counterfactual",-927884.292557955,1,TRUE
2017,"additionality",186335.615460902,1,TRUE
2018,"project",-1819366.06766361,1,TRUE
2018,"counterfactual",-1875853.63613012,1,TRUE
2018,"additionality",56487.5684665143,1,TRUE
2019,"project",-799545.375407577,1,TRUE
2019,"counterfactual",-781765.939432889,1,TRUE
2019,"additionality",-17779.4359746873,1,TRUE
2020,"project",-1262554.79560244,1,TRUE
2020,"counterfactual",-797402.201427728,1,TRUE
2020,"additionality",-465152.594174713,1,TRUE
2021,"project",-447179.276935369,1,TRUE
2021,"counterfactual",-547887.493851662,1,TRUE
2021,"additionality",100708.216916293,1,TRUE
1991,"project",0,2,FALSE
1991,"counterfactual",0,2,FALSE
1991,"additionality",0,2,FALSE
1992,"project",0,2,FALSE
1992,"counterfactual",0,2,FALSE
1992,"additionality",0,2,FALSE
1993,"project",0,2,FALSE
1993,"counterfactual",0,2,FALSE
1993,"additionality",0,2,FALSE
1994,"project",-1933.57261267304,2,FALSE
1994,"counterfactual",-52206.4605409503,2,FALSE
1994,"additionality",50272.8879282773,2,FALSE
1995,"project",-17402.1535136402,2,FALSE
1995,"counterfactual",-29003.5891894698,2,FALSE
1995,"additionality",11601.4356758296,2,FALSE
1996,"project",0,2,FALSE
1996,"counterfactual",0,2,FALSE
1996,"additionality",0,2,FALSE
1997,"project",0,2,FALSE
1997,"counterfactual",-3867.14522525668,2,FALSE
1997,"additionality",3867.14522525668,2,FALSE
1998,"project",0,2,FALSE
1998,"counterfactual",-5800.71783784032,2,FALSE
1998,"additionality",5800.71783784032,2,FALSE
1999,"project",-25712.8477240205,2,FALSE
1999,"counterfactual",-148885.091172457,2,FALSE
1999,"additionality",123172.243448436,2,FALSE
2000,"project",-224870.826824844,2,FALSE
2000,"counterfactual",-257741.561239541,2,FALSE
2000,"additionality",32870.7344146967,2,FALSE
2001,"project",-135926.48664394,2,FALSE
2001,"counterfactual",-313034.401912868,2,FALSE
2001,"additionality",177107.915268928,2,FALSE
2002,"project",-455505.691248268,2,FALSE
2002,"counterfactual",-295223.525733113,2,FALSE
2002,"additionality",-160282.165515155,2,FALSE
2003,"project",-189285.754704565,2,FALSE
2003,"counterfactual",-214422.198668778,2,FALSE
2003,"additionality",25136.4439642131,2,FALSE
2004,"project",-195086.472542524,2,FALSE
2004,"counterfactual",-182012.587261945,2,FALSE
2004,"additionality",-13073.8852805793,2,FALSE
2005,"project",-818980.662183285,2,FALSE
2005,"counterfactual",-451717.146535754,2,FALSE
2005,"additionality",-367263.515647531,2,FALSE
2006,"project",-266937.821226388,2,FALSE
2006,"counterfactual",-507843.1526438,2,FALSE
2006,"additionality",240905.331417412,2,FALSE
2007,"project",-306306.198025048,2,FALSE
2007,"counterfactual",-446393.271808267,2,FALSE
2007,"additionality",140087.073783219,2,FALSE
2008,"project",-372084.347093642,2,FALSE
2008,"counterfactual",-389869.023102492,2,FALSE
2008,"additionality",17784.6760088503,2,FALSE
2009,"project",-851123.031846911,2,FALSE
2009,"counterfactual",-392551.920602977,2,FALSE
2009,"additionality",-458571.111243933,2,FALSE
2010,"project",-1023965.55929288,2,TRUE
2010,"counterfactual",-1083759.58932734,2,TRUE
2010,"additionality",59794.0300344527,2,TRUE
2011,"project",-1350786.49113482,2,TRUE
2011,"counterfactual",-1250948.11989245,2,TRUE
2011,"additionality",-99838.3712423742,2,TRUE
2012,"project",-305415.392214298,2,TRUE
2012,"counterfactual",-811089.170707375,2,TRUE
2012,"additionality",505673.778493077,2,TRUE
2013,"project",-3419730.14678457,2,TRUE
2013,"counterfactual",-2043801.97165146,2,TRUE
2013,"additionality",-1375928.17513311,2,TRUE
2014,"project",-1528497.01033458,2,TRUE
2014,"counterfactual",-1122053.75911888,2,TRUE
2014,"additionality",-406443.251215696,2,TRUE
2015,"project",-711266.519567549,2,TRUE
2015,"counterfactual",-1034534.70823506,2,TRUE
2015,"additionality",323268.188667506,2,TRUE
2016,"project",-1240604.29242003,2,TRUE
2016,"counterfactual",-1173049.77176416,2,TRUE
2016,"additionality",-67554.5206558704,2,TRUE
2017,"project",-818105.576475114,2,TRUE
2017,"counterfactual",-974174.754509121,2,TRUE
2017,"additionality",156069.178034008,2,TRUE
2018,"project",-1903620.57725295,2,TRUE
2018,"counterfactual",-1908708.6504423,2,TRUE
2018,"additionality",5088.07318934798,2,TRUE
2019,"project",-838227.307728499,2,TRUE
2019,"counterfactual",-784412.156694084,2,TRUE
2019,"additionality",-53815.1510344148,2,TRUE
2020,"project",-1256811.71814048,2,TRUE
2020,"counterfactual",-796710.516915858,2,TRUE
2020,"additionality",-460101.201224625,2,TRUE
2021,"project",-437102.691206187,2,TRUE
2021,"counterfactual",-527435.640444934,2,TRUE
2021,"additionality",90332.9492387474,2,TRUE
1991,"project",0,3,FALSE
1991,"counterfactual",0,3,FALSE
1991,"additionality",0,3,FALSE
1992,"project",0,3,FALSE
1992,"counterfactual",0,3,FALSE
1992,"additionality",0,3,FALSE
1993,"project",0,3,FALSE
1993,"counterfactual",0,3,FALSE
1993,"additionality",0,3,FALSE
1994,"project",-1933.57261264324,3,FALSE
1994,"counterfactual",-50272.8879283667,3,FALSE
1994,"additionality",48339.3153157234,3,FALSE
1995,"project",-21269.2987388968,3,FALSE
1995,"counterfactual",-19335.726126343,3,FALSE
1995,"additionality",-1933.57261255383,3,FALSE
1996,"project",0,3,FALSE
1996,"counterfactual",0,3,FALSE
1996,"additionality",0,3,FALSE
1997,"project",0,3,FALSE
1997,"counterfactual",-1933.57261261344,3,FALSE
1997,"additionality",1933.57261261344,3,FALSE
1998,"project",0,3,FALSE
1998,"counterfactual",-3867.14522525668,3,FALSE
1998,"additionality",3867.14522525668,3,FALSE
1999,"project",-27646.4203366637,3,FALSE
1999,"counterfactual",-119881.501982987,3,FALSE
1999,"additionality",92235.0816463232,3,FALSE
2000,"project",-226804.399437487,3,FALSE
2000,"counterfactual",-269715.039342105,3,FALSE
2000,"additionality",42910.6399046183,3,FALSE
2001,"project",-157772.189142674,3,FALSE
2001,"counterfactual",-342782.075955987,3,FALSE
2001,"additionality",185009.886813313,3,FALSE
2002,"project",-423043.679499656,3,FALSE
2002,"counterfactual",-289831.530561298,3,FALSE
2002,"additionality",-133212.148938358,3,FALSE
2003,"project",-184637.844386488,3,FALSE
2003,"counterfactual",-184637.844386488,3,FALSE
2003,"additionality",0,3,FALSE
2004,"project",-199325.660194546,3,FALSE
2004,"counterfactual",-249022.144363016,3,FALSE
2004,"additionality",49696.4841684699,3,FALSE
2005,"project",-913893.401295871,3,FALSE
2005,"counterfactual",-479452.647453457,3,FALSE
2005,"additionality",-434440.753842413,3,FALSE
2006,"project",-289103.165810227,3,FALSE
2006,"counterfactual",-541007.328972608,3,FALSE
2006,"additionality",251904.16316238,3,FALSE
2007,"project",-278492.096594542,3,FALSE
2007,"counterfactual",-460656.64484781,3,FALSE
2007,"additionality",182164.548253268,3,FALSE
2008,"project",-406516.611694187,3,FALSE
2008,"counterfactual",-386808.843141049,3,FALSE
2008,"additionality",-19707.7685531378,3,FALSE
2009,"project",-881190.347974986,3,FALSE
2009,"counterfactual",-430390.207420826,3,FALSE
2009,"additionality",-450800.14055416,3,FALSE
2010,"project",-1058638.8654657,3,TRUE
2010,"counterfactual",-1095078.06315735,3,TRUE
2010,"additionality",36439.1976916492,3,TRUE
2011,"project",-1275382.39927644,3,TRUE
2011,"counterfactual",-1203672.53151539,3,TRUE
2011,"additionality",-71709.8677610457,3,TRUE
2012,"project",-330578.036349386,3,TRUE
2012,"counterfactual",-788363.142466247,3,TRUE
2012,"additionality",457785.106116861,3,TRUE
2013,"project",-3511336.42432925,3,TRUE
2013,"counterfactual",-1969980.37011561,3,TRUE
2013,"additionality",-1541356.05421364,3,TRUE
2014,"project",-1496710.96299526,3,TRUE
2014,"counterfactual",-1124820.49716625,3,TRUE
2014,"additionality",-371890.465829015,3,TRUE
2015,"project",-745803.584851682,3,TRUE
2015,"counterfactual",-1076130.09956038,3,TRUE
2015,"additionality",330326.514708698,3,TRUE
2016,"project",-1311826.83700225,3,TRUE
2016,"counterfactual",-1121566.43594012,3,TRUE
2016,"additionality",-190260.401062131,3,TRUE
2017,"project",-611758.270478606,3,TRUE
2017,"counterfactual",-963595.125498563,3,TRUE
2017,"additionality",351836.855019957,3,TRUE
2018,"project",-1866322.01395571,3,TRUE
2018,"counterfactual",-1885023.69594613,3,TRUE
2018,"additionality",18701.6819904149,3,TRUE
2019,"project",-857128.111017764,3,TRUE
2019,"counterfactual",-812661.18096149,3,TRUE
2019,"additionality",-44466.9300562739,3,TRUE
2020,"project",-1216075.69242081,3,TRUE
2020,"counterfactual",-810208.844965041,3,TRUE
2020,"additionality",-405866.84745577,3,TRUE
2021,"project",-478006.398019642,3,TRUE
2021,"counterfactual",-538292.991267025,3,TRUE
2021,"additionality",60286.5932473838,3,TRUE
1991,"project",0,4,FALSE
1991,"counterfactual",0,4,FALSE
1991,"additionality",0,4,FALSE
1992,"project",0,4,FALSE
1992,"counterfactual",0,4,FALSE
1992,"additionality",0,4,FALSE
1993,"project",0,4,FALSE
1993,"counterfactual",0,4,FALSE
1993,"additionality",0,4,FALSE
1994,"project",-5800.71783789992,4,FALSE
1994,"counterfactual",-27070.0165768564,4,FALSE
1994,"additionality",21269.2987389565,4,FALSE
1995,"project",-15468.5809009671,4,FALSE
1995,"counterfactual",-34804.3070272803,4,FALSE
1995,"additionality",19335.7261263132,4,FALSE
1996,"project",0,4,FALSE
1996,"counterfactual",0,4,FALSE
1996,"additionality",0,4,FALSE
1997,"project",0,4,FALSE
1997,"counterfactual",-1933.57261261344,4,FALSE
1997,"additionality",1933.57261261344,4,FALSE
1998,"project",0,4,FALSE
1998,"counterfactual",-1933.57261261344,4,FALSE
1998,"additionality",1933.57261261344,4,FALSE
1999,"project",-25712.8477240801,4,FALSE
1999,"counterfactual",-127615.79243353,4,FALSE
1999,"additionality",101902.94470945,4,FALSE
2000,"project",-274567.310993314,4,FALSE
2000,"counterfactual",-267409.424302667,4,FALSE
2000,"additionality",-7157.88669064641,4,FALSE
2001,"project",-120457.905742854,4,FALSE
2001,"counterfactual",-296785.055918932,4,FALSE
2001,"additionality",176327.150176078,4,FALSE
2002,"project",-370837.218958706,4,FALSE
2002,"counterfactual",-299090.67095837,4,FALSE
2002,"additionality",-71746.5480003357,4,FALSE
2003,"project",-225038.507918596,4,FALSE
2003,"counterfactual",-194882.111209452,4,FALSE
2003,"additionality",-30156.3967091441,4,FALSE
2004,"project",-183485.036866724,4,FALSE
2004,"counterfactual",-221171.36269334,4,FALSE
2004,"additionality",37686.3258266151,4,FALSE
2005,"project",-816842.728237599,4,FALSE
2005,"counterfactual",-447567.039464742,4,FALSE
2005,"additionality",-369275.688772857,4,FALSE
2006,"project",-290345.053911,4,FALSE
2006,"counterfactual",-556591.190625608,4,FALSE
2006,"additionality",266246.136714607,4,FALSE
2007,"project",-332684.530090004,4,FALSE
2007,"counterfactual",-448735.567086995,4,FALSE
2007,"additionality",116051.03699699,4,FALSE
2008,"project",-341990.830794692,4,FALSE
2008,"counterfactual",-387678.688815057,4,FALSE
2008,"additionality",45687.8580203652,4,FALSE
2009,"project",-933281.527763963,4,FALSE
2009,"counterfactual",-423782.524319142,4,FALSE
2009,"additionality",-509499.003444821,4,FALSE
2010,"project",-1018568.32408687,4,TRUE
2010,"counterfactual",-1100082.29579973,4,TRUE
2010,"additionality",81513.9717128575,4,TRUE
2011,"project",-1334573.82538015,4,TRUE
2011,"counterfactual",-1179479.29370376,4,TRUE
2011,"additionality",-155094.531676382,4,TRUE
2012,"project",-355829.761065573,4,TRUE
2012,"counterfactual",-813169.464276999,4,TRUE
2012,"additionality",457339.703211427,4,TRUE
2013,"project",-3479754.738323,4,TRUE
2013,"counterfactual",-2053412.19433865,4,TRUE
2013,"additionality",-1426342.54398435,4,TRUE
2014,"project",-1548802.14278421,4,TRUE
2014,"counterfactual",-1191882.4546091,4,TRUE
2014,"additionality",-356919.688175112,4,TRUE
2015,"project",-791643.403863311,4,TRUE
2015,"counterfactual",-973325.868971884,4,TRUE
2015,"additionality",181682.465108573,4,TRUE
2016,"project",-1258918.21188104,4,TRUE
2016,"counterfactual",-1130652.65520921,4,TRUE
2016,"additionality",-128265.556671828,4,TRUE
2017,"project",-680559.919269472,4,TRUE
2017,"counterfactual",-925468.636800736,4,TRUE
2017,"additionality",244908.717531264,4,TRUE
2018,"project",-1899098.42775512,4,TRUE
2018,"counterfactual",-1905192.58750713,4,TRUE
2018,"additionality",6094.1597520113,4,TRUE
2019,"project",-807903.229925573,4,TRUE
2019,"counterfactual",-772003.755754471,4,TRUE
2019,"additionality",-35899.474171102,4,TRUE
2020,"project",-1207633.99735588,4,TRUE
2020,"counterfactual",-811922.336142063,4,TRUE
2020,"additionality",-395711.661213815,4,TRUE
2021,"project",-390696.948503047,4,TRUE
2021,"counterfactual",-527309.879624575,4,TRUE
2021,"additionality",136612.931121528,4,TRUE
1991,"project",0,5,FALSE
1991,"counterfactual",0,5,FALSE
1991,"additionality",0,5,FALSE
1992,"project",0,5,FALSE
1992,"counterfactual",0,5,FALSE
1992,"additionality",0,5,FALSE
1993,"project",0,5,FALSE
1993,"counterfactual",0,5,FALSE
1993,"additionality",0,5,FALSE
1994,"project",-3867.14522525668,5,FALSE
1994,"counterfactual",-56073.6057662666,5,FALSE
1994,"additionality",52206.4605410099,5,FALSE
1995,"project",-9667.863063097,5,FALSE
1995,"counterfactual",-30937.1618020833,5,FALSE
1995,"additionality",21269.2987389863,5,FALSE
1996,"project",0,5,FALSE
1996,"counterfactual",0,5,FALSE
1996,"additionality",0,5,FALSE
1997,"project",0,5,FALSE
1997,"counterfactual",0,5,FALSE
1997,"additionality",0,5,FALSE
1998,"project",0,5,FALSE
1998,"counterfactual",-3867.14522522688,5,FALSE
1998,"additionality",3867.14522522688,5,FALSE
1999,"project",-29003.5891894698,5,FALSE
1999,"counterfactual",-141150.800721914,5,FALSE
1999,"additionality",112147.211532444,5,FALSE
2000,"project",-247497.294416547,5,FALSE
2000,"counterfactual",-267985.828062564,5,FALSE
2000,"additionality",20488.5336460173,5,FALSE
2001,"project",-157195.785382777,5,FALSE
2001,"counterfactual",-309743.660447478,5,FALSE
2001,"additionality",152547.875064701,5,FALSE
2002,"project",-392887.282790512,5,FALSE
2002,"counterfactual",-250379.313215822,5,FALSE
2002,"additionality",-142507.96957469,5,FALSE
2003,"project",-223885.700398892,5,FALSE
2003,"counterfactual",-176327.150176078,5,FALSE
2003,"additionality",-47558.5502228141,5,FALSE
2004,"project",-217508.578801125,5,FALSE
2004,"counterfactual",-212079.90339005,5,FALSE
2004,"additionality",-5428.67541107535,5,FALSE
2005,"project",-745876.945330232,5,FALSE
2005,"counterfactual",-443495.532906443,5,FALSE
2005,"additionality",-302381.41242379,5,FALSE
2006,"project",-278733.138166875,5,FALSE
2006,"counterfactual",-580538.146830797,5,FALSE
2006,"additionality",301805.008663923,5,FALSE
2007,"project",-312478.958289742,5,FALSE
2007,"counterfactual",-407386.457368106,5,FALSE
2007,"additionality",94907.4990783632,5,FALSE
2008,"project",-388218.412335604,5,FALSE
2008,"counterfactual",-396413.825794071,5,FALSE
2008,"additionality",8195.41345846653,5,FALSE
2009,"project",-843027.179037899,5,FALSE
2009,"counterfactual",-437202.251855552,5,FALSE
2009,"additionality",-405824.927182347,5,FALSE
2010,"project",-1014061.89469159,5,TRUE
2010,"counterfactual",-1014978.90067318,5,TRUE
2010,"additionality",917.005981594324,5,TRUE
2011,"project",-1315070.41816005,5,TRUE
2011,"counterfactual",-1227525.16710535,5,TRUE
2011,"additionality",-87545.2510547042,5,TRUE
2012,"project",-323100.507573754,5,TRUE
2012,"counterfactual",-772611.599719495,5,TRUE
2012,"additionality",449511.092145741,5,TRUE
2013,"project",-3357808.66287285,5,TRUE
2013,"counterfactual",-1983206.21638733,5,TRUE
2013,"additionality",-1374602.44648552,5,TRUE
2014,"project",-1525153.86852732,5,TRUE
2014,"counterfactual",-1105159.88892072,5,TRUE
2014,"additionality",-419993.979606599,5,TRUE
2015,"project",-712917.130334437,5,TRUE
2015,"counterfactual",-1042462.87995028,5,TRUE
2015,"additionality",329545.749615848,5,TRUE
2016,"project",-1264210.64640352,5,TRUE
2016,"counterfactual",-1136259.49178243,5,TRUE
2016,"additionality",-127951.154621094,5,TRUE
2017,"project",-733159.382373989,5,TRUE
2017,"counterfactual",-954466.985955983,5,TRUE
2017,"additionality",221307.603581995,5,TRUE
2018,"project",-1777178.55247581,5,TRUE
2018,"counterfactual",-1858247.12128347,5,TRUE
2018,"additionality",81068.5688076615,5,TRUE
2019,"project",-760999.683975309,5,TRUE
2019,"counterfactual",-782253.262611657,5,TRUE
2019,"additionality",21253.5786363482,5,TRUE
2020,"project",-1156375.98300162,5,TRUE
2020,"counterfactual",-762189.171734333,5,TRUE
2020,"additionality",-394186.811267287,5,TRUE
2021,"project",-477707.716071397,5,TRUE
2021,"counterfactual",-539728.760632485,5,TRUE
2021,"additionality",62021.0445610881,5,TRUE
1991,"project",0,6,FALSE
1991,"counterfactual",0,6,FALSE
1991,"additionality",0,6,FALSE
1992,"project",0,6,FALSE
1992,"counterfactual",0,6,FALSE
1992,"additionality",0,6,FALSE
1993,"project",0,6,FALSE
1993,"counterfactual",0,6,FALSE
1993,"additionality",0,6,FALSE
1994,"project",-7734.39928919077,6,FALSE
1994,"counterfactual",-36738.3966234624,6,FALSE
1994,"additionality",29003.9973342717,6,FALSE
1995,"project",-13535.1987560093,6,FALSE
1995,"counterfactual",-23203.1978674233,6,FALSE
1995,"additionality",9667.99911141396,6,FALSE
1996,"project",0,6,FALSE
1996,"counterfactual",0,6,FALSE
1996,"additionality",0,6,FALSE
1997,"project",0,6,FALSE
1997,"counterfactual",-1933.59982225299,6,FALSE
1997,"additionality",1933.59982225299,6,FALSE
1998,"project",0,6,FALSE
1998,"counterfactual",-1933.5998223424,6,FALSE
1998,"additionality",1933.5998223424,6,FALSE
1999,"project",-33447.6088499427,6,FALSE
1999,"counterfactual",-110791.601741403,6,FALSE
1999,"additionality",77343.9928914607,6,FALSE
2000,"project",-240919.201705694,6,FALSE
2000,"counterfactual",-262188.799750835,6,FALSE
2000,"additionality",21269.5980451405,6,FALSE
2001,"project",-163575.208814293,6,FALSE
2001,"counterfactual",-303370.807889968,6,FALSE
2001,"additionality",139795.599075675,6,FALSE
2002,"project",-409682.117360234,6,FALSE
2002,"counterfactual",-305676.455374539,6,FALSE
2002,"additionality",-104005.661985695,6,FALSE
2003,"project",-171886.019974589,6,FALSE
2003,"counterfactual",-182502.478619397,6,FALSE
2003,"additionality",10616.4586448073,6,FALSE
2004,"project",-226026.814998507,6,FALSE
2004,"counterfactual",-225618.086580873,6,FALSE
2004,"additionality",-408.728417634964,6,FALSE
2005,"project",-800195.919951111,6,FALSE
2005,"counterfactual",-462224.679468811,6,FALSE
2005,"additionality",-337971.240482301,6,FALSE
2006,"project",-270719.695443749,6,FALSE
2006,"counterfactual",-573760.37653479,6,FALSE
2006,"additionality",303040.68109104,6,FALSE
2007,"project",-291213.757516772,6,FALSE
2007,"counterfactual",-420466.259458482,6,FALSE
2007,"additionality",129252.501941711,6,FALSE
2008,"project",-370936.759403646,6,FALSE
2008,"counterfactual",-421786.766654223,6,FALSE
2008,"additionality",50850.0072505772,6,FALSE
2009,"project",-902970.15657571,6,FALSE
2009,"counterfactual",-379981.18567273,6,FALSE
2009,"additionality",-522988.970902979,6,FALSE
2010,"project",-1039537.84917301,6,TRUE
2010,"counterfactual",-1079383.62979266,6,TRUE
2010,"additionality",39845.7806196511,6,TRUE
2011,"project",-1262866.00859299,6,TRUE
2011,"counterfactual",-1215993.24325335,6,TRUE
2011,"additionality",-46872.7653396428,6,TRUE
2012,"project",-373583.013903022,6,TRUE
2012,"counterfactual",-773209.364165783,6,TRUE
2012,"additionality",399626.350262761,6,TRUE
2013,"project",-3386760.3499743,6,TRUE
2013,"counterfactual",-2015659.91230449,6,TRUE
2013,"additionality",-1371100.43766981,6,TRUE
2014,"project",-1604390.0422447,6,TRUE
2014,"counterfactual",-1170383.34392229,6,TRUE
2014,"additionality",-434006.698322415,6,TRUE
2015,"project",-727374.140194118,6,TRUE
2015,"counterfactual",-994174.234914094,6,TRUE
2015,"additionality",266800.094719976,6,TRUE
2016,"project",-1172201.66137028,6,TRUE
2016,"counterfactual",-1157057.74948305,6,TRUE
2016,"additionality",-15143.9118872285,6,TRUE
2017,"project",-711318.449528843,6,TRUE
2017,"counterfactual",-961460.24117282,6,TRUE
2017,"additionality",250141.791643977,6,TRUE
2018,"project",-1872825.05063558,6,TRUE
2018,"counterfactual",-1899235.19454968,6,TRUE
2018,"additionality",26410.1439141035,6,TRUE
2019,"project",-815397.473025471,6,TRUE
2019,"counterfactual",-742140.764311224,6,TRUE
2019,"additionality",-73256.7087142467,6,TRUE
2020,"project",-1227773.00585631,6,TRUE
2020,"counterfactual",-837122.96045959,6,TRUE
2020,"additionality",-390650.045396715,6,TRUE
2021,"project",-419219.113773614,6,TRUE
2021,"counterfactual",-570239.024012893,6,TRUE
2021,"additionality",151019.910239279,6,TRUE
1991,"project",0,7,FALSE
1991,"counterfactual",0,7,FALSE
1991,"additionality",0,7,FALSE
1992,"project",0,7,FALSE
1992,"counterfactual",0,7,FALSE
1992,"additionality",0,7,FALSE
1993,"project",0,7,FALSE
1993,"counterfactual",0,7,FALSE
1993,"additionality",0,7,FALSE
1994,"project",-5800.71783789992,7,FALSE
1994,"counterfactual",-32870.7344146967,7,FALSE
1994,"additionality",27070.0165767968,7,FALSE
1995,"project",-23202.8713515103,7,FALSE
1995,"counterfactual",-19335.7261263132,7,FALSE
1995,"additionality",-3867.14522519708,7,FALSE
1996,"project",0,7,FALSE
1996,"counterfactual",0,7,FALSE
1996,"additionality",0,7,FALSE
1997,"project",0,7,FALSE
1997,"counterfactual",-1933.57261261344,7,FALSE
1997,"additionality",1933.57261261344,7,FALSE
1998,"project",0,7,FALSE
1998,"counterfactual",-3867.14522525668,7,FALSE
1998,"additionality",3867.14522525668,7,FALSE
1999,"project",-19912.1298861504,7,FALSE
1999,"counterfactual",-149461.494932264,7,FALSE
1999,"additionality",129549.365046114,7,FALSE
2000,"project",-269919.400675207,7,FALSE
2000,"counterfactual",-261608.706464857,7,FALSE
2000,"additionality",-8310.69421035051,7,FALSE
2001,"project",-156991.424049765,7,FALSE
2001,"counterfactual",-278230.094885528,7,FALSE
2001,"additionality",121238.670835763,7,FALSE
2002,"project",-388815.776232213,7,FALSE
2002,"counterfactual",-327145.813961118,7,FALSE
2002,"additionality",-61669.9622710943,7,FALSE
2003,"project",-201463.594140232,7,FALSE
2003,"counterfactual",-206687.908218265,7,FALSE
2003,"additionality",5224.31407803297,7,FALSE
2004,"project",-230556.26391077,7,FALSE
2004,"counterfactual",-190438.562224299,7,FALSE
2004,"additionality",-40117.7016864717,7,FALSE
2005,"project",-792115.006939501,7,FALSE
2005,"counterfactual",-472871.164522707,7,FALSE
2005,"additionality",-319243.842416793,7,FALSE
2006,"project",-265030.448784649,7,FALSE
2006,"counterfactual",-558524.763238251,7,FALSE
2006,"additionality",293494.314453602,7,FALSE
2007,"project",-282359.241819859,7,FALSE
2007,"counterfactual",-433560.428100079,7,FALSE
2007,"additionality",151201.186280221,7,FALSE
2008,"project",-349751.32141611,7,FALSE
2008,"counterfactual",-375207.407465249,7,FALSE
2008,"additionality",25456.0860491395,7,FALSE
2009,"project",-892917.544471085,7,FALSE
2009,"counterfactual",-428802.477064162,7,FALSE
2009,"additionality",-464115.067406923,7,FALSE
2010,"project",-1071817.55142981,7,TRUE
2010,"counterfactual",-1065781.03205377,7,TRUE
2010,"additionality",-6036.51937603951,7,TRUE
2011,"project",-1371222.624439,7,TRUE
2011,"counterfactual",-1183425.03944167,7,TRUE
2011,"additionality",-187797.584997326,7,TRUE
2012,"project",-291497.861430734,7,TRUE
2012,"counterfactual",-763645.901236475,7,TRUE
2012,"additionality",472148.03980574,7,TRUE
2013,"project",-3501170.75801897,7,TRUE
2013,"counterfactual",-2011287.55956107,7,TRUE
2013,"additionality",-1489883.1984579,7,TRUE
2014,"project",-1575206.67502013,7,TRUE
2014,"counterfactual",-1112616.45755967,7,TRUE
2014,"additionality",-462590.217460454,7,TRUE
2015,"project",-682221.010104626,7,TRUE
2015,"counterfactual",-1061531.36433336,7,TRUE
2015,"additionality",379310.354228735,7,TRUE
2016,"project",-1226435.23999587,7,TRUE
2016,"counterfactual",-1153750.72587714,7,TRUE
2016,"additionality",-72684.514118731,7,TRUE
2017,"project",-687539.644797921,7,TRUE
2017,"counterfactual",-991645.028467149,7,TRUE
2017,"additionality",304105.383669227,7,TRUE
2018,"project",-1787480.45967481,7,TRUE
2018,"counterfactual",-1938812.64680961,7,TRUE
2018,"additionality",151332.187134802,7,TRUE
2019,"project",-800305.180363804,7,TRUE
2019,"counterfactual",-747239.354217112,7,TRUE
2019,"additionality",-53065.826146692,7,TRUE
2020,"project",-1208954.48596936,7,TRUE
2020,"counterfactual",-806420.300252467,7,TRUE
2020,"additionality",-402534.185716897,7,TRUE
2021,"project",-474343.614127427,7,TRUE
2021,"counterfactual",-517138.973280132,7,TRUE
2021,"additionality",42795.3591527045,7,TRUE
1991,"project",0,8,FALSE
1991,"counterfactual",0,8,FALSE
1991,"additionality",0,8,FALSE
1992,"project",0,8,FALSE
1992,"counterfactual",0,8,FALSE
1992,"additionality",0,8,FALSE
1993,"project",0,8,FALSE
1993,"counterfactual",0,8,FALSE
1993,"additionality",0,8,FALSE
1994,"project",0,8,FALSE
1994,"counterfactual",-40605.0248652101,8,FALSE
1994,"additionality",40605.0248652101,8,FALSE
1995,"project",-9667.86306321621,8,FALSE
1995,"counterfactual",-21269.2987388968,8,FALSE
1995,"additionality",11601.4356756806,8,FALSE
1996,"project",0,8,FALSE
1996,"counterfactual",0,8,FALSE
1996,"additionality",0,8,FALSE
1997,"project",0,8,FALSE
1997,"counterfactual",-1933.57261264324,8,FALSE
1997,"additionality",1933.57261264324,8,FALSE
1998,"project",0,8,FALSE
1998,"counterfactual",-3867.14522525668,8,FALSE
1998,"additionality",3867.14522525668,8,FALSE
1999,"project",-20488.5336459577,8,FALSE
1999,"counterfactual",-137283.655496627,8,FALSE
1999,"additionality",116795.121850669,8,FALSE
2000,"project",-242272.980338484,8,FALSE
2000,"counterfactual",-289255.126801461,8,FALSE
2000,"additionality",46982.1464629769,8,FALSE
2001,"project",-178837.126548588,8,FALSE
2001,"counterfactual",-312253.636819988,8,FALSE
2001,"additionality",133416.5102714,8,FALSE
2002,"project",-378571.509409219,8,FALSE
2002,"counterfactual",-312253.636819959,8,FALSE
2002,"additionality",-66317.8725892603,8,FALSE
2003,"project",-233757.924795002,8,FALSE
2003,"counterfactual",-191014.965984166,8,FALSE
2003,"additionality",-42742.9588108361,8,FALSE
2004,"project",-223398.377220154,8,FALSE
2004,"counterfactual",-219442.151413798,8,FALSE
2004,"additionality",-3956.22580635548,8,FALSE
2005,"project",-764636.267696619,8,FALSE
2005,"counterfactual",-439308.745596141,8,FALSE
2005,"additionality",-325327.522100478,8,FALSE
2006,"project",-307134.123425543,8,FALSE
2006,"counterfactual",-577221.205194503,8,FALSE
2006,"additionality",270087.08176896,8,FALSE
2007,"project",-292734.509497344,8,FALSE
2007,"counterfactual",-409398.630493492,8,FALSE
2007,"additionality",116664.120996147,8,FALSE
2008,"project",-376244.93423304,8,FALSE
2008,"counterfactual",-383863.94393155,8,FALSE
2008,"additionality",7619.00969851017,8,FALSE
2009,"project",-868347.024198383,8,FALSE
2009,"counterfactual",-386442.040748447,8,FALSE
2009,"additionality",-481904.983449936,8,FALSE
2010,"project",-1029939.19825876,8,TRUE
2010,"counterfactual",-1117473.96924508,8,TRUE
2010,"additionality",87534.7709863186,8,TRUE
2011,"project",-1246934.25371015,8,TRUE
2011,"counterfactual",-1202938.92673013,8,TRUE
2011,"additionality",-43995.3269800246,8,TRUE
2012,"project",-323084.787471205,8,TRUE
2012,"counterfactual",-744221.094529092,8,TRUE
2012,"additionality",421136.307057887,8,TRUE
2013,"project",-3269749.88846841,8,TRUE
2013,"counterfactual",-2025309.89102823,8,TRUE
2013,"additionality",-1244439.99744019,8,TRUE
2014,"project",-1504508.13385588,8,TRUE
2014,"counterfactual",-1125690.34284022,8,TRUE
2014,"additionality",-378817.791015655,8,TRUE
2015,"project",-663409.287396461,8,TRUE
2015,"counterfactual",-1068139.04743505,8,TRUE
2015,"additionality",404729.760038584,8,TRUE
2016,"project",-1265342.49378645,8,TRUE
2016,"counterfactual",-1155904.37992534,8,TRUE
2016,"additionality",-109438.113861114,8,TRUE
2017,"project",-782389.503500432,8,TRUE
2017,"counterfactual",-974593.957243562,8,TRUE
2017,"additionality",192204.45374313,8,TRUE
2018,"project",-1860489.85591269,8,TRUE
2018,"counterfactual",-1914624.64903218,8,TRUE
2018,"additionality",54134.7931194901,8,TRUE
2019,"project",-809286.598949254,8,TRUE
2019,"counterfactual",-799178.573014885,8,TRUE
2019,"additionality",-10108.0259343684,8,TRUE
2020,"project",-1225298.15257862,8,TRUE
2020,"counterfactual",-810900.529476881,8,TRUE
2020,"additionality",-414397.623101741,8,TRUE
2021,"project",-456029.694666296,8,TRUE
2021,"counterfactual",-546194.962811351,8,TRUE
2021,"additionality",90165.2681450546,8,TRUE
1991,"project",0,9,FALSE
1991,"counterfactual",0,9,FALSE
1991,"additionality",0,9,FALSE
1992,"project",0,9,FALSE
1992,"counterfactual",0,9,FALSE
1992,"additionality",0,9,FALSE
1993,"project",0,9,FALSE
1993,"counterfactual",0,9,FALSE
1993,"additionality",0,9,FALSE
1994,"project",-3867.14522522688,9,FALSE
1994,"counterfactual",-48339.3153156936,9,FALSE
1994,"additionality",44472.1700904667,9,FALSE
1995,"project",-9667.86306318641,9,FALSE
1995,"counterfactual",-21269.2987388968,9,FALSE
1995,"additionality",11601.4356757104,9,FALSE
1996,"project",0,9,FALSE
1996,"counterfactual",0,9,FALSE
1996,"additionality",0,9,FALSE
1997,"project",0,9,FALSE
1997,"counterfactual",0,9,FALSE
1997,"additionality",0,9,FALSE
1998,"project",0,9,FALSE
1998,"counterfactual",-1933.57261267304,9,FALSE
1998,"additionality",1933.57261267304,9,FALSE
1999,"project",-15468.5809009969,9,FALSE
1999,"counterfactual",-135350.082884043,9,FALSE
1999,"additionality",119881.501983047,9,FALSE
2000,"project",-253874.416014284,9,FALSE
2000,"counterfactual",-259098.730092257,9,FALSE
2000,"additionality",5224.31407797337,9,FALSE
2001,"project",-144237.180854261,9,FALSE
2001,"counterfactual",-333318.574225873,9,FALSE
2001,"additionality",189081.393371612,9,FALSE
2002,"project",-417038.600328773,9,FALSE
2002,"counterfactual",-304519.346369416,9,FALSE
2002,"additionality",-112519.253959358,9,FALSE
2003,"project",-217712.940134168,9,FALSE
2003,"counterfactual",-217880.621228009,9,FALSE
2003,"additionality",167.681093841791,9,FALSE
2004,"project",-256269.111634761,9,FALSE
2004,"counterfactual",-237216.347354233,9,FALSE
2004,"additionality",-19052.7642805278,9,FALSE
2005,"project",-821862.68098262,9,FALSE
2005,"counterfactual",-470858.991397321,9,FALSE
2005,"additionality",-351003.689585298,9,FALSE
2006,"project",-268090.628746152,9,FALSE
2006,"counterfactual",-560830.37827763,9,FALSE
2006,"additionality",292739.749531478,9,FALSE
2007,"project",-246030.08484596,9,FALSE
2007,"counterfactual",-372272.988324165,9,FALSE
2007,"additionality",126242.903478205,9,FALSE
2008,"project",-332757.890568465,9,FALSE
2008,"counterfactual",-416069.19400537,9,FALSE
2008,"additionality",83311.3034369051,9,FALSE
2009,"project",-953895.822230339,9,FALSE
2009,"counterfactual",-398939.5222691,9,FALSE
2009,"additionality",-554956.299961239,9,FALSE
2010,"project",-1047676.71395993,9,TRUE
2010,"counterfactual",-1100339.05747458,9,TRUE
2010,"additionality",52662.3435146511,9,TRUE
2011,"project",-1305465.43550712,9,TRUE
2011,"counterfactual",-1201660.35839009,9,TRUE
2011,"additionality",-103805.077117026,9,TRUE
2012,"project",-364281.936198771,9,TRUE
2012,"counterfactual",-814626.19377923,9,TRUE
2012,"additionality",450344.257580459,9,TRUE
2013,"project",-3490004.24518022,9,TRUE
2013,"counterfactual",-2065579.55370587,9,TRUE
2013,"additionality",-1424424.69147435,9,TRUE
2014,"project",-1657669.09291968,9,TRUE
2014,"counterfactual",-1129138.28533101,9,TRUE
2014,"additionality",-528530.807588667,9,TRUE
2015,"project",-678175.703717262,9,TRUE
2015,"counterfactual",-1003676.14694569,9,TRUE
2015,"additionality",325500.443228424,9,TRUE
2016,"project",-1295027.28741941,9,TRUE
2016,"counterfactual",-1106847.17992696,9,TRUE
2016,"additionality",-188180.107492447,9,TRUE
2017,"project",-754281.960155845,9,TRUE
2017,"counterfactual",-928319.215394944,9,TRUE
2017,"additionality",174037.255239099,9,TRUE
2018,"project",-1926089.84381917,9,TRUE
2018,"counterfactual",-1924690.754693,9,TRUE
2018,"additionality",-1399.08912616968,9,TRUE
2019,"project",-803711.202581137,9,TRUE
2019,"counterfactual",-794022.379381269,9,TRUE
2019,"additionality",-9688.8231998682,9,TRUE
2020,"project",-1192705.13997549,9,TRUE
2020,"counterfactual",-800860.62398687,9,TRUE
2020,"additionality",-391844.515988618,9,TRUE
2021,"project",-420648.983879149,9,TRUE
2021,"counterfactual",-525297.706499249,9,TRUE
2021,"additionality",104648.7226201,9,TRUE
1991,"project",0,10,FALSE
1991,"counterfactual",0,10,FALSE
1991,"additionality",0,10,FALSE
1992,"project",0,10,FALSE
1992,"counterfactual",0,10,FALSE
1992,"additionality",0,10,FALSE
1993,"project",0,10,FALSE
1993,"counterfactual",0,10,FALSE
1993,"additionality",0,10,FALSE
1994,"project",-5800.71783787012,10,FALSE
1994,"counterfactual",-50272.8879283667,10,FALSE
1994,"additionality",44472.1700904965,10,FALSE
1995,"project",-5800.71783787012,10,FALSE
1995,"counterfactual",-23202.8713515401,10,FALSE
1995,"additionality",17402.15351367,10,FALSE
1996,"project",0,10,FALSE
1996,"counterfactual",0,10,FALSE
1996,"additionality",0,10,FALSE
1997,"project",0,10,FALSE
1997,"counterfactual",0,10,FALSE
1997,"additionality",0,10,FALSE
1998,"project",0,10,FALSE
1998,"counterfactual",-9667.8630631566,10,FALSE
1998,"additionality",9667.8630631566,10,FALSE
1999,"project",-27646.4203366637,10,FALSE
1999,"counterfactual",-120457.905742854,10,FALSE
1999,"additionality",92811.4854061902,10,FALSE
2000,"project",-222156.489119291,10,FALSE
2000,"counterfactual",-245359.360470861,10,FALSE
2000,"additionality",23202.8713515699,10,FALSE
2001,"project",-182499.910440832,10,FALSE
2001,"counterfactual",-319411.523510635,10,FALSE
2001,"additionality",136911.613069803,10,FALSE
2002,"project",-430777.969950169,10,FALSE
2002,"counterfactual",-276092.160939842,10,FALSE
2002,"additionality",-154685.809010327,10,FALSE
2003,"project",-186571.416999072,10,FALSE
2003,"counterfactual",-215575.006188512,10,FALSE
2003,"additionality",29003.58918944,10,FALSE
2004,"project",-216329.571110457,10,FALSE
2004,"counterfactual",-249970.590549737,10,FALSE
2004,"additionality",33641.01943928,10,FALSE
2005,"project",-786314.28910169,10,FALSE
2005,"counterfactual",-432879.223656625,10,FALSE
2005,"additionality",-353435.065445065,10,FALSE
2006,"project",-273713.185421884,10,FALSE
2006,"counterfactual",-594073.155119181,10,FALSE
2006,"additionality",320359.969697297,10,FALSE
2007,"project",-263395.55812034,10,FALSE
2007,"counterfactual",-465933.359267622,10,FALSE
2007,"additionality",202537.801147282,10,FALSE
2008,"project",-430667.929232419,10,FALSE
2008,"counterfactual",-376527.896078765,10,FALSE
2008,"additionality",-54140.0331536531,10,FALSE
2009,"project",-927727.091532588,10,FALSE
2009,"counterfactual",-406380.370805472,10,FALSE
2009,"additionality",-521346.720727116,10,FALSE
2010,"project",-1099343.45098031,10,TRUE
2010,"counterfactual",-1151932.4340165,10,TRUE
2010,"additionality",52588.9830361903,10,TRUE
2011,"project",-1331382.64456415,10,TRUE
2011,"counterfactual",-1185253.81137073,10,TRUE
2011,"additionality",-146128.833193421,10,TRUE
2012,"project",-349594.120390713,10,TRUE
2012,"counterfactual",-787210.334946483,10,TRUE
2012,"additionality",437616.21455577,10,TRUE
2013,"project",-3331487.97118387,10,TRUE
2013,"counterfactual",-1991904.67312714,10,TRUE
2013,"additionality",-1339583.29805672,10,TRUE
2014,"project",-1511933.2622897,10,TRUE
2014,"counterfactual",-1137433.25943884,10,TRUE
2014,"additionality",-374500.00285086,10,TRUE
2015,"project",-660485.348323733,10,TRUE
2015,"counterfactual",-1084351.71318969,10,TRUE
2015,"additionality",423866.364865959,10,TRUE
2016,"project",-1290426.53740886,10,TRUE
2016,"counterfactual",-1160746.17150819,10,TRUE
2016,"additionality",-129680.365900666,10,TRUE
2017,"project",-741470.076584339,10,TRUE
2017,"counterfactual",-982847.01107797,10,TRUE
2017,"additionality",241376.934493631,10,TRUE
2018,"project",-1864797.16400909,10,TRUE
2018,"counterfactual",-1909667.57669729,10,TRUE
2018,"additionality",44870.4126881957,10,TRUE
2019,"project",-847151.085938036,10,TRUE
2019,"counterfactual",-768817.814972758,10,TRUE
2019,"additionality",-78333.2709652781,10,TRUE
2020,"project",-1277819.0151704,10,TRUE
2020,"counterfactual",-799094.732468009,10,TRUE
2020,"additionality",-478724.282702386,10,TRUE
2021,"project",-428215.59323594,10,TRUE
2021,"counterfactual",-526707.275693864,10,TRUE
2021,"additionality",98491.6824579239,10,TRUE
1991,"project",0,11,FALSE
1991,"counterfactual",0,11,FALSE
1991,"additionality",0,11,FALSE
1992,"project",0,11,FALSE
1992,"counterfactual",0,11,FALSE
1992,"additionality",0,11,FALSE
1993,"project",0,11,FALSE
1993,"counterfactual",0,11,FALSE
1993,"additionality",0,11,FALSE
1994,"project",-7734.29045051336,11,FALSE
1994,"counterfactual",-38671.4522525668,11,FALSE
1994,"additionality",30937.1618020535,11,FALSE
1995,"project",-17978.5572735071,11,FALSE
1995,"counterfactual",-27070.0165768564,11,FALSE
1995,"additionality",9091.45930334926,11,FALSE
1996,"project",0,11,FALSE
1996,"counterfactual",0,11,FALSE
1996,"additionality",0,11,FALSE
1997,"project",0,11,FALSE
1997,"counterfactual",-3867.14522525668,11,FALSE
1997,"additionality",3867.14522525668,11,FALSE
1998,"project",0,11,FALSE
1998,"counterfactual",0,11,FALSE
1998,"additionality",0,11,FALSE
1999,"project",-17978.5572735071,11,FALSE
1999,"counterfactual",-135350.082884014,11,FALSE
1999,"additionality",117371.525610507,11,FALSE
2000,"project",-218493.705227077,11,FALSE
2000,"counterfactual",-258894.368759215,11,FALSE
2000,"additionality",40400.6635321379,11,FALSE
2001,"project",-151190.706211925,11,FALSE
2001,"counterfactual",-309167.256687611,11,FALSE
2001,"additionality",157976.550475687,11,FALSE
2002,"project",-387343.326627463,11,FALSE
2002,"counterfactual",-316120.782045245,11,FALSE
2002,"additionality",-71222.5445822179,11,FALSE
2003,"project",-188504.989611715,11,FALSE
2003,"counterfactual",-184637.844386429,11,FALSE
2003,"additionality",-3867.14522528648,11,FALSE
2004,"project",-198377.214007884,11,FALSE
2004,"counterfactual",-202616.401659966,11,FALSE
2004,"additionality",4239.18765208125,11,FALSE
2005,"project",-789809.391900063,11,FALSE
2005,"counterfactual",-414004.620538205,11,FALSE
2005,"additionality",-375804.771361858,11,FALSE
2006,"project",-223529.378074616,11,FALSE
2006,"counterfactual",-599297.469197184,11,FALSE
2006,"additionality",375768.091122568,11,FALSE
2007,"project",-318279.676127613,11,FALSE
2007,"counterfactual",-466006.719746172,11,FALSE
2007,"additionality",147727.04361856,11,FALSE
2008,"project",-409115.668647707,11,FALSE
2008,"counterfactual",-389858.543034136,11,FALSE
2008,"additionality",-19257.1256135702,11,FALSE
2009,"project",-892739.383308947,11,FALSE
2009,"counterfactual",-405138.482704699,11,FALSE
2009,"additionality",-487600.900604248,11,FALSE
2010,"project",-1139041.94993234,11,TRUE
2010,"counterfactual",-1122404.84140903,11,TRUE
2010,"additionality",-16637.1085233092,11,TRUE
2011,"project",-1272888.14300647,11,TRUE
2011,"counterfactual",-1228898.05606058,11,TRUE
2011,"additionality",-43990.0869458914,11,TRUE
2012,"project",-329461.909068942,11,TRUE
2012,"counterfactual",-798696.48987034,11,TRUE
2012,"additionality",469234.580801398,11,TRUE
2013,"project",-3377647.43228051,11,TRUE
2013,"counterfactual",-2023685.4804323,11,TRUE
2013,"additionality",-1353961.95184821,11,TRUE
2014,"project",-1570689.76555645,11,TRUE
2014,"counterfactual",-1157177.70823118,11,TRUE
2014,"additionality",-413512.057325274,11,TRUE
2015,"project",-700136.686968029,11,TRUE
2015,"counterfactual",-1065105.06764451,11,TRUE
2015,"additionality",364968.380676478,11,TRUE
2016,"project",-1221237.12608862,11,TRUE
2016,"counterfactual",-1153383.9234845,11,TRUE
2016,"additionality",-67853.202604115,11,TRUE
2017,"project",-771327.791345268,11,TRUE
2017,"counterfactual",-937615.036031306,11,TRUE
2017,"additionality",166287.244686037,11,TRUE
2018,"project",-1873296.49944991,11,TRUE
2018,"counterfactual",-1947663.06454057,11,TRUE
2018,"additionality",74366.5650906563,11,TRUE
2019,"project",-832175.068249971,11,TRUE
2019,"counterfactual",-798591.689186722,11,TRUE
2019,"additionality",-33583.3790632486,11,TRUE
2020,"project",-1267538.06810814,11,TRUE
2020,"counterfactual",-809988.76352945,11,TRUE
2020,"additionality",-457549.304578692,11,TRUE
2021,"project",-433979.630834579,11,TRUE
2021,"counterfactual",-537103.503508061,11,TRUE
2021,"additionality",103123.872673482,11,TRUE
1991,"project",0,12,FALSE
1991,"counterfactual",0,12,FALSE
1991,"additionality",0,12,FALSE
1992,"project",0,12,FALSE
1992,"counterfactual",0,12,FALSE
1992,"additionality",0,12,FALSE
1993,"project",0,12,FALSE
1993,"counterfactual",0,12,FALSE
1993,"additionality",0,12,FALSE
1994,"project",0,12,FALSE
1994,"counterfactual",-38671.4522525668,12,FALSE
1994,"additionality",38671.4522525668,12,FALSE
1995,"project",-15468.5809010267,12,FALSE
1995,"counterfactual",-27070.0165768564,12,FALSE
1995,"additionality",11601.4356758296,12,FALSE
1996,"project",0,12,FALSE
1996,"counterfactual",0,12,FALSE
1996,"additionality",0,12,FALSE
1997,"project",0,12,FALSE
1997,"counterfactual",-1933.57261261344,12,FALSE
1997,"additionality",1933.57261261344,12,FALSE
1998,"project",0,12,FALSE
1998,"counterfactual",-5800.71783789992,12,FALSE
1998,"additionality",5800.71783789992,12,FALSE
1999,"project",-29579.992949307,12,FALSE
1999,"counterfactual",-106346.493694574,12,FALSE
1999,"additionality",76766.5007452667,12,FALSE
2000,"project",-219646.512746841,12,FALSE
2000,"counterfactual",-269342.99691534,12,FALSE
2000,"additionality",49696.4841684997,12,FALSE
2001,"project",-160858.569274992,12,FALSE
2001,"counterfactual",-315916.420712143,12,FALSE
2001,"additionality",155057.851437151,12,FALSE
2002,"project",-374500.00285092,12,FALSE
2002,"counterfactual",-310896.467967182,12,FALSE
2002,"additionality",-63603.5348837376,12,FALSE
2003,"project",-227957.206957161,12,FALSE
2003,"counterfactual",-191591.369744062,12,FALSE
2003,"additionality",-36365.837213099,12,FALSE
2004,"project",-204958.696938723,12,FALSE
2004,"counterfactual",-232196.394609272,12,FALSE
2004,"additionality",27237.6976705492,12,FALSE
2005,"project",-808736.395360261,12,FALSE
2005,"counterfactual",-462663.577938944,12,FALSE
2005,"additionality",-346072.817421317,12,FALSE
2006,"project",-303382.25895226,12,FALSE
2006,"counterfactual",-547845.573578209,12,FALSE
2006,"additionality",244463.314625949,12,FALSE
2007,"project",-275369.036222935,12,FALSE
2007,"counterfactual",-396450.506033331,12,FALSE
2007,"additionality",121081.469810396,12,FALSE
2008,"project",-321937.219985634,12,FALSE
2008,"counterfactual",-377140.980077893,12,FALSE
2008,"additionality",55203.7600922585,12,FALSE
2009,"project",-847643.649151027,12,FALSE
2009,"counterfactual",-352072.656558037,12,FALSE
2009,"additionality",-495570.99259299,12,FALSE
2010,"project",-1024342.84175384,12,TRUE
2010,"counterfactual",-1099165.28981823,12,TRUE
2010,"additionality",74822.4480643868,12,TRUE
2011,"project",-1350362.04836619,12,TRUE
2011,"counterfactual",-1195283.23679233,12,TRUE
2011,"additionality",-155078.811573863,12,TRUE
2012,"project",-345354.932738602,12,TRUE
2012,"counterfactual",-805801.976219147,12,TRUE
2012,"additionality",460447.043480545,12,TRUE
2013,"project",-3420652.39280039,12,TRUE
2013,"counterfactual",-2009715.54930687,12,TRUE
2013,"additionality",-1410936.84349352,12,TRUE
2014,"project",-1447617.08275747,12,TRUE
2014,"counterfactual",-1143784.18086571,12,TRUE
2014,"additionality",-303832.901891768,12,TRUE
2015,"project",-667674.675219417,12,TRUE
2015,"counterfactual",-1030719.96335161,12,TRUE
2015,"additionality",363045.288132191,12,TRUE
2016,"project",-1255255.42798889,12,TRUE
2016,"counterfactual",-1124453.69477358,12,TRUE
2016,"additionality",-130801.733215302,12,TRUE
2017,"project",-701692.977119684,12,TRUE
2017,"counterfactual",-930986.39279291,12,TRUE
2017,"additionality",229293.415673226,12,TRUE
2018,"project",-1886291.78421783,12,TRUE
2018,"counterfactual",-1928364.01865354,12,TRUE
2018,"additionality",42072.2344357073,12,TRUE
2019,"project",-849734.422789007,12,TRUE
2019,"counterfactual",-737723.452145249,12,TRUE
2019,"additionality",-112010.970643759,12,TRUE
2020,"project",-1282262.56415552,12,TRUE
2020,"counterfactual",-803611.641931683,12,TRUE
2020,"additionality",-478650.922223836,12,TRUE
2021,"project",-479326.886633188,12,TRUE
2021,"counterfactual",-509368.002590358,12,TRUE
2021,"additionality",30041.1159571707,12,TRUE
1991,"project",0,13,FALSE
1991,"counterfactual",0,13,FALSE
1991,"additionality",0,13,FALSE
1992,"project",0,13,FALSE
1992,"counterfactual",0,13,FALSE
1992,"additionality",0,13,FALSE
1993,"project",0,13,FALSE
1993,"counterfactual",0,13,FALSE
1993,"additionality",0,13,FALSE
1994,"project",0,13,FALSE
1994,"counterfactual",-38671.4522525966,13,FALSE
1994,"additionality",38671.4522525966,13,FALSE
1995,"project",-23202.8713515401,13,FALSE
1995,"counterfactual",-17402.15351367,13,FALSE
1995,"additionality",-5800.71783787012,13,FALSE
1996,"project",0,13,FALSE
1996,"counterfactual",0,13,FALSE
1996,"additionality",0,13,FALSE
1997,"project",0,13,FALSE
1997,"counterfactual",-1933.57261258364,13,FALSE
1997,"additionality",1933.57261258364,13,FALSE
1998,"project",0,13,FALSE
1998,"counterfactual",-5800.71783792973,13,FALSE
1998,"additionality",5800.71783792973,13,FALSE
1999,"project",-17402.1535136402,13,FALSE
1999,"counterfactual",-114080.784145147,13,FALSE
1999,"additionality",96678.6306315064,13,FALSE
2000,"project",-246140.125563771,13,FALSE
2000,"counterfactual",-270700.165768057,13,FALSE
2000,"additionality",24560.0402042866,13,FALSE
2001,"project",-125477.858487844,13,FALSE
2001,"counterfactual",-320564.331030309,13,FALSE
2001,"additionality",195086.472542465,13,FALSE
2002,"project",-385320.673433751,13,FALSE
2002,"counterfactual",-314763.613192469,13,FALSE
2002,"additionality",-70557.060241282,13,FALSE
2003,"project",-208417.119497895,13,FALSE
2003,"counterfactual",-190438.562224358,13,FALSE
2003,"additionality",-17978.5572735369,13,FALSE
2004,"project",-205535.100698501,13,FALSE
2004,"counterfactual",-221171.36269331,13,FALSE
2004,"additionality",15636.2619948089,13,FALSE
2005,"project",-821490.638555795,13,FALSE
2005,"counterfactual",-442714.767813534,13,FALSE
2005,"additionality",-378775.870742261,13,FALSE
2006,"project",-299923.836393118,13,FALSE
2006,"counterfactual",-544759.193445861,13,FALSE
2006,"additionality",244835.357052743,13,FALSE
2007,"project",-273933.266857475,13,FALSE
2007,"counterfactual",-430589.328719705,13,FALSE
2007,"additionality",156656.06186223,13,FALSE
2008,"project",-375003.046132207,13,FALSE
2008,"counterfactual",-356793.927354813,13,FALSE
2008,"additionality",-18209.1187773943,13,FALSE
2009,"project",-836896.339046657,13,FALSE
2009,"counterfactual",-378974.992041111,13,FALSE
2009,"additionality",-457921.347005546,13,FALSE
2010,"project",-1008172.09627262,13,TRUE
2010,"counterfactual",-1082811.14314058,13,TRUE
2010,"additionality",74639.0468679667,13,TRUE
2011,"project",-1297757.34522748,13,TRUE
2011,"counterfactual",-1155176.01517427,13,TRUE
2011,"additionality",-142581.33005321,13,TRUE
2012,"project",-330834.798024237,13,TRUE
2012,"counterfactual",-760302.759429276,13,TRUE
2012,"additionality",429467.961405039,13,TRUE
2013,"project",-3353889.11730582,13,TRUE
2013,"counterfactual",-1963053.04492894,13,TRUE
2013,"additionality",-1390836.07237688,13,TRUE
2014,"project",-1476002.34791365,13,TRUE
2014,"counterfactual",-1156512.22389033,13,TRUE
2014,"additionality",-319490.124023318,13,TRUE
2015,"project",-679328.511236966,13,TRUE
2015,"counterfactual",-988810.16997543,13,TRUE
2015,"additionality",309481.658738464,13,TRUE
2016,"project",-1274575.43401262,13,TRUE
2016,"counterfactual",-1133251.71216273,13,TRUE
2016,"additionality",-141323.721849889,13,TRUE
2017,"project",-714793.062571108,13,TRUE
2017,"counterfactual",-936986.23192963,13,TRUE
2017,"additionality",222193.169358522,13,TRUE
2018,"project",-1798599.81220603,13,TRUE
2018,"counterfactual",-1938555.88513479,13,TRUE
2018,"additionality",139956.072928756,13,TRUE
2019,"project",-909848.094908446,13,TRUE
2019,"counterfactual",-775865.660945624,13,TRUE
2019,"additionality",-133982.433962822,13,TRUE
2020,"project",-1194156.62944353,13,TRUE
2020,"counterfactual",-778883.920633554,13,TRUE
2020,"additionality",-415272.708809972,13,TRUE
2021,"project",-377161.940214634,13,TRUE
2021,"counterfactual",-531418.066422135,13,TRUE
2021,"additionality",154256.126207501,13,TRUE
1991,"project",0,14,FALSE
1991,"counterfactual",0,14,FALSE
1991,"additionality",0,14,FALSE
1992,"project",0,14,FALSE
1992,"counterfactual",0,14,FALSE
1992,"additionality",0,14,FALSE
1993,"project",0,14,FALSE
1993,"counterfactual",0,14,FALSE
1993,"additionality",0,14,FALSE
1994,"project",-3867.14522525668,14,FALSE
1994,"counterfactual",-30937.1618020535,14,FALSE
1994,"additionality",27070.0165767968,14,FALSE
1995,"project",-13535.0082884133,14,FALSE
1995,"counterfactual",-36737.8796399832,14,FALSE
1995,"additionality",23202.8713515699,14,FALSE
1996,"project",0,14,FALSE
1996,"counterfactual",0,14,FALSE
1996,"additionality",0,14,FALSE
1997,"project",0,14,FALSE
1997,"counterfactual",-1933.57261264324,14,FALSE
1997,"additionality",1933.57261264324,14,FALSE
1998,"project",0,14,FALSE
1998,"counterfactual",-3867.14522528648,14,FALSE
1998,"additionality",3867.14522528648,14,FALSE
1999,"project",-21269.2987388968,14,FALSE
1999,"counterfactual",-123748.647208214,14,FALSE
1999,"additionality",102479.348469317,14,FALSE
2000,"project",-241492.215245605,14,FALSE
2000,"counterfactual",-286540.789095938,14,FALSE
2000,"additionality",45048.5738503337,14,FALSE
2001,"project",-138436.463016391,14,FALSE
2001,"counterfactual",-310692.10663414,14,FALSE
2001,"additionality",172255.643617749,14,FALSE
2002,"project",-380300.72068876,14,FALSE
2002,"counterfactual",-301228.604903996,14,FALSE
2002,"additionality",-79072.1157847643,14,FALSE
2003,"project",-227176.441864312,14,FALSE
2003,"counterfactual",-207059.950645149,14,FALSE
2003,"additionality",-20116.4912191629,14,FALSE
2004,"project",-197020.045155108,14,FALSE
2004,"counterfactual",-245731.402897626,14,FALSE
2004,"additionality",48711.3577425182,14,FALSE
2005,"project",-864196.917127401,14,FALSE
2005,"counterfactual",-420292.661554903,14,FALSE
2005,"additionality",-443904.255572498,14,FALSE
2006,"project",-277093.007468373,14,FALSE
2006,"counterfactual",-583058.603271633,14,FALSE
2006,"additionality",305965.595803261,14,FALSE
2007,"project",-277915.692834705,14,FALSE
2007,"counterfactual",-423342.36144796,14,FALSE
2007,"additionality",145426.668613255,14,FALSE
2008,"project",-357192.169952482,14,FALSE
2008,"counterfactual",-288170.439726084,14,FALSE
2008,"additionality",-69021.7302263975,14,FALSE
2009,"project",-920207.642483503,14,FALSE
2009,"counterfactual",-441147.997593552,14,FALSE
2009,"additionality",-479059.644889951,14,FALSE
2010,"project",-1042992.12340251,14,TRUE
2010,"counterfactual",-1139681.23410234,14,TRUE
2010,"additionality",96689.1106998324,14,TRUE
2011,"project",-1319330.56594881,14,TRUE
2011,"counterfactual",-1210909.01871872,14,TRUE
2011,"additionality",-108421.547230095,14,TRUE
2012,"project",-344637.048055917,14,TRUE
2012,"counterfactual",-789605.03056705,14,TRUE
2012,"additionality",444967.982511133,14,TRUE
2013,"project",-3353946.75768173,14,TRUE
2013,"counterfactual",-2045059.57985479,14,TRUE
2013,"additionality",-1308887.17782694,14,TRUE
2014,"project",-1547858.93663177,14,TRUE
2014,"counterfactual",-1054195.31648055,14,TRUE
2014,"additionality",-493663.620151222,14,TRUE
2015,"project",-679045.54939127,14,TRUE
2015,"counterfactual",-984838.224066585,14,TRUE
2015,"additionality",305792.674675316,14,TRUE
2016,"project",-1306010.39906183,14,TRUE
2016,"counterfactual",-1156669.42491573,14,TRUE
2016,"additionality",-149340.974146098,14,TRUE
2017,"project",-726787.500810385,14,TRUE
2017,"counterfactual",-932175.880551845,14,TRUE
2017,"additionality",205388.37974146,14,TRUE
2018,"project",-1802011.07445759,14,TRUE
2018,"counterfactual",-1903741.09803909,14,TRUE
2018,"additionality",101730.023581505,14,TRUE
2019,"project",-781089.975023627,14,TRUE
2019,"counterfactual",-753139.632704496,14,TRUE
2019,"additionality",-27950.3423191309,14,TRUE
2020,"project",-1283006.64900914,14,TRUE
2020,"counterfactual",-799424.854621381,14,TRUE
2020,"additionality",-483581.794387758,14,TRUE
2021,"project",-387034.164610863,14,TRUE
2021,"counterfactual",-522787.730126798,14,TRUE
2021,"additionality",135753.565515935,14,TRUE
1991,"project",0,15,FALSE
1991,"counterfactual",0,15,FALSE
1991,"additionality",0,15,FALSE
1992,"project",0,15,FALSE
1992,"counterfactual",0,15,FALSE
1992,"additionality",0,15,FALSE
1993,"project",0,15,FALSE
1993,"counterfactual",0,15,FALSE
1993,"additionality",0,15,FALSE
1994,"project",-3867.14522522688,15,FALSE
1994,"counterfactual",-19335.7261262536,15,FALSE
1994,"additionality",15468.5809010267,15,FALSE
1995,"project",-13535.0082883835,15,FALSE
1995,"counterfactual",-25136.4439642131,15,FALSE
1995,"additionality",11601.4356758296,15,FALSE
1996,"project",0,15,FALSE
1996,"counterfactual",0,15,FALSE
1996,"additionality",0,15,FALSE
1997,"project",0,15,FALSE
1997,"counterfactual",-1933.57261264324,15,FALSE
1997,"additionality",1933.57261264324,15,FALSE
1998,"project",0,15,FALSE
1998,"counterfactual",-7734.29045051336,15,FALSE
1998,"additionality",7734.29045051336,15,FALSE
1999,"project",-30937.1618021131,15,FALSE
1999,"counterfactual",-137283.655496687,15,FALSE
1999,"additionality",106346.493694574,15,FALSE
2000,"project",-224294.423064917,15,FALSE
2000,"counterfactual",-273005.780807465,15,FALSE
2000,"additionality",48711.357742548,15,FALSE
2001,"project",-149257.133599281,15,FALSE
2001,"counterfactual",-316120.782045245,15,FALSE
2001,"additionality",166863.648445964,15,FALSE
2002,"project",-381081.485781729,15,FALSE
2002,"counterfactual",-291765.103173912,15,FALSE
2002,"additionality",-89316.3826078176,15,FALSE
2003,"project",-179413.530308396,15,FALSE
2003,"counterfactual",-176327.150176048,15,FALSE
2003,"additionality",-3086.38013234735,15,FALSE
2004,"project",-223885.700398892,15,FALSE
2004,"counterfactual",-200274.106381267,15,FALSE
2004,"additionality",-23611.5940176249,15,FALSE
2005,"project",-773355.684573084,15,FALSE
2005,"counterfactual",-432098.458563715,15,FALSE
2005,"additionality",-341257.226009369,15,FALSE
2006,"project",-268577.95192495,15,FALSE
2006,"counterfactual",-537512.226174146,15,FALSE
2006,"additionality",268934.274249196,15,FALSE
2007,"project",-301694.967946112,15,FALSE
2007,"counterfactual",-413391.536539108,15,FALSE
2007,"additionality",111696.568592995,15,FALSE
2008,"project",-370391.816053361,15,FALSE
2008,"counterfactual",-398258.317825556,15,FALSE
2008,"additionality",27866.5017721951,15,FALSE
2009,"project",-877412.283330768,15,FALSE
2009,"counterfactual",-404881.721029848,15,FALSE
2009,"additionality",-472530.56230092,15,FALSE
2010,"project",-1057706.13938153,15,TRUE
2010,"counterfactual",-1121739.35706806,15,TRUE
2010,"additionality",64033.2176865339,15,TRUE
2011,"project",-1295310.24926513,15,TRUE
2011,"counterfactual",-1196215.96287644,15,TRUE
2011,"additionality",-99094.2863886952,15,TRUE
2012,"project",-360336.190460831,15,TRUE
2012,"counterfactual",-782190.382201552,15,TRUE
2012,"additionality",421854.191740721,15,TRUE
2013,"project",-3303967.31166753,15,TRUE
2013,"counterfactual",-1978086.70299295,15,TRUE
2013,"additionality",-1325880.60867459,15,TRUE
2014,"project",-1485481.56974629,15,TRUE
2014,"counterfactual",-1132077.94450632,15,TRUE
2014,"additionality",-353403.625239968,15,TRUE
2015,"project",-656235.680603236,15,TRUE
2015,"counterfactual",-993096.517935187,15,TRUE
2015,"additionality",336860.837331951,15,TRUE
2016,"project",-1311942.11775428,15,TRUE
2016,"counterfactual",-1108660.23175332,15,TRUE
2016,"additionality",-203281.886000961,15,TRUE
2017,"project",-711643.802028537,15,TRUE
2017,"counterfactual",-953466.139427543,15,TRUE
2017,"additionality",241822.337399006,15,TRUE
2018,"project",-1794056.70257145,15,TRUE
2018,"counterfactual",-1891746.65979975,15,TRUE
2018,"additionality",97689.957228303,15,TRUE
2019,"project",-755675.809247881,15,TRUE
2019,"counterfactual",-716034.950671911,15,TRUE
2019,"additionality",-39640.8585759699,15,TRUE
2020,"project",-1212653.9501009,15,TRUE
2020,"counterfactual",-784108.234711587,15,TRUE
2020,"additionality",-428545.715389311,15,TRUE
2021,"project",-392462.840021878,15,TRUE
2021,"counterfactual",-526654.875352025,15,TRUE
2021,"additionality",134192.035330147,15,TRUE
1991,"project",0,16,FALSE
1991,"counterfactual",0,16,FALSE
1991,"additionality",0,16,FALSE
1992,"project",0,16,FALSE
1992,"counterfactual",0,16,FALSE
1992,"additionality",0,16,FALSE
1993,"project",0,16,FALSE
1993,"counterfactual",0,16,FALSE
1993,"additionality",0,16,FALSE
1994,"project",0,16,FALSE
1994,"counterfactual",-44472.1700904667,16,FALSE
1994,"additionality",44472.1700904667,16,FALSE
1995,"project",-7734.29045051336,16,FALSE
1995,"counterfactual",-32870.7344147265,16,FALSE
1995,"additionality",25136.4439642131,16,FALSE
1996,"project",0,16,FALSE
1996,"counterfactual",0,16,FALSE
1996,"additionality",0,16,FALSE
1997,"project",0,16,FALSE
1997,"counterfactual",-1933.57261261344,16,FALSE
1997,"additionality",1933.57261261344,16,FALSE
1998,"project",0,16,FALSE
1998,"counterfactual",0,16,FALSE
1998,"additionality",0,16,FALSE
1999,"project",-23202.8713515699,16,FALSE
1999,"counterfactual",-116590.760517597,16,FALSE
1999,"additionality",93387.8891660273,16,FALSE
2000,"project",-213269.391149044,16,FALSE
2000,"counterfactual",-255603.627293825,16,FALSE
2000,"additionality",42334.2361447811,16,FALSE
2001,"project",-126258.623580724,16,FALSE
2001,"counterfactual",-311677.233060151,16,FALSE
2001,"additionality",185418.609479427,16,FALSE
2002,"project",-394988.536496937,16,FALSE
2002,"counterfactual",-314763.613192439,16,FALSE
2002,"additionality",-80224.9233044982,16,FALSE
2003,"project",-213641.433575928,16,FALSE
2003,"counterfactual",-211707.860963225,16,FALSE
2003,"additionality",-1933.57261270285,16,FALSE
2004,"project",-228737.972050071,16,FALSE
2004,"counterfactual",-215575.006188542,16,FALSE
2004,"additionality",-13162.9658615291,16,FALSE
2005,"project",-815113.516958028,16,FALSE
2005,"counterfactual",-431291.493299872,16,FALSE
2005,"additionality",-383822.023658156,16,FALSE
2006,"project",-267336.063824117,16,FALSE
2006,"counterfactual",-563801.477658063,16,FALSE
2006,"additionality",296465.413833946,16,FALSE
2007,"project",-322183.501592159,16,FALSE
2007,"counterfactual",-445224.744185984,16,FALSE
2007,"additionality",123041.242593825,16,FALSE
2008,"project",-357805.253951639,16,FALSE
2008,"counterfactual",-408822.226733625,16,FALSE
2008,"additionality",51016.972781986,16,FALSE
2009,"project",-967064.028126091,16,FALSE
2009,"counterfactual",-391923.116501302,16,FALSE
2009,"additionality",-575140.911624789,16,FALSE
2010,"project",-960676.426459968,16,TRUE
2010,"counterfactual",-1065293.708875,16,TRUE
2010,"additionality",104617.282415032,16,TRUE
2011,"project",-1282037.24268577,16,TRUE
2011,"counterfactual",-1185295.73164412,16,TRUE
2011,"additionality",-96741.5110416412,16,TRUE
2012,"project",-356521.445577383,16,TRUE
2012,"counterfactual",-818891.581602246,16,TRUE
2012,"additionality",462370.136024863,16,TRUE
2013,"project",-3342843.12525314,16,TRUE
2013,"counterfactual",-1998370.87530595,16,TRUE
2013,"additionality",-1344472.24994719,16,TRUE
2014,"project",-1526516.27741432,16,TRUE
2014,"counterfactual",-1096802.03440273,16,TRUE
2014,"additionality",-429714.243011594,16,TRUE
2015,"project",-738488.497135609,16,TRUE
2015,"counterfactual",-1015083.7013568,16,TRUE
2015,"additionality",276595.204221189,16,TRUE
2016,"project",-1228672.73459086,16,TRUE
2016,"counterfactual",-1162857.90528297,16,TRUE
2016,"additionality",-65814.829307884,16,TRUE
2017,"project",-744472.61616981,16,TRUE
2017,"counterfactual",-960975.108408302,16,TRUE
2017,"additionality",216502.492238492,16,TRUE
2018,"project",-1805668.61831561,16,TRUE
2018,"counterfactual",-1917711.02916443,16,TRUE
2018,"additionality",112042.410848826,16,TRUE
2019,"project",-881373.749171317,16,TRUE
2019,"counterfactual",-741884.039284676,16,TRUE
2019,"additionality",-139489.70988664,16,TRUE
2020,"project",-1226823.00252509,16,TRUE
2020,"counterfactual",-781561.578099817,16,TRUE
2020,"additionality",-445261.424425274,16,TRUE
2021,"project",-452534.591867924,16,TRUE
2021,"counterfactual",-539650.160119861,16,TRUE
2021,"additionality",87115.5682519376,16,TRUE
1991,"project",0,17,FALSE
1991,"counterfactual",0,17,FALSE
1991,"additionality",0,17,FALSE
1992,"project",0,17,FALSE
1992,"counterfactual",0,17,FALSE
1992,"additionality",0,17,FALSE
1993,"project",0,17,FALSE
1993,"counterfactual",0,17,FALSE
1993,"additionality",0,17,FALSE
1994,"project",0,17,FALSE
1994,"counterfactual",-34804.3070273101,17,FALSE
1994,"additionality",34804.3070273101,17,FALSE
1995,"project",-15468.5809009969,17,FALSE
1995,"counterfactual",-21269.2987389565,17,FALSE
1995,"additionality",5800.71783795953,17,FALSE
1996,"project",0,17,FALSE
1996,"counterfactual",0,17,FALSE
1996,"additionality",0,17,FALSE
1997,"project",0,17,FALSE
1997,"counterfactual",-1933.57261261344,17,FALSE
1997,"additionality",1933.57261261344,17,FALSE
1998,"project",0,17,FALSE
1998,"counterfactual",-5800.71783787012,17,FALSE
1998,"additionality",5800.71783787012,17,FALSE
1999,"project",-17402.15351367,17,FALSE
1999,"counterfactual",-150037.898692191,17,FALSE
1999,"additionality",132635.745178521,17,FALSE
2000,"project",-209197.884590745,17,FALSE
2000,"counterfactual",-287897.957948655,17,FALSE
2000,"additionality",78700.0733579099,17,FALSE
2001,"project",-166082.883353084,17,FALSE
2001,"counterfactual",-291356.380507886,17,FALSE
2001,"additionality",125273.497154802,17,FALSE
2002,"project",-424940.571873039,17,FALSE
2002,"counterfactual",-321717.138550043,17,FALSE
2002,"additionality",-103223.433322996,17,FALSE
2003,"project",-226395.676771343,17,FALSE
2003,"counterfactual",-183280.675533652,17,FALSE
2003,"additionality",-43115.0012376904,17,FALSE
2004,"project",-236729.024175465,17,FALSE
2004,"counterfactual",-236435.582261384,17,FALSE
2004,"additionality",-293.441914081573,17,FALSE
2005,"project",-856090.584250063,17,FALSE
2005,"counterfactual",-494716.867021441,17,FALSE
2005,"additionality",-361373.717228621,17,FALSE
2006,"project",-279320.021995097,17,FALSE
2006,"counterfactual",-594749.119528472,17,FALSE
2006,"additionality",315429.097533375,17,FALSE
2007,"project",-309596.939490467,17,FALSE
2007,"counterfactual",-422446.315603107,17,FALSE
2007,"additionality",112849.37611264,17,FALSE
2008,"project",-338060.805159211,17,FALSE
2008,"counterfactual",-416760.878517181,17,FALSE
2008,"additionality",78700.0733579695,17,FALSE
2009,"project",-887693.230393052,17,FALSE
2009,"counterfactual",-384649.949058682,17,FALSE
2009,"additionality",-503043.28133437,17,FALSE
2010,"project",-1084776.15595835,17,TRUE
2010,"counterfactual",-1080840.89028874,17,TRUE
2010,"additionality",-3935.26566961408,17,TRUE
2011,"project",-1343204.16167554,17,TRUE
2011,"counterfactual",-1215939.4515321,17,TRUE
2011,"additionality",-127264.710143447,17,TRUE
2012,"project",-336656.475998849,17,TRUE
2012,"counterfactual",-780408.770580113,17,TRUE
2012,"additionality",443752.294581264,17,TRUE
2013,"project",-3417241.1305488,17,TRUE
2013,"counterfactual",-2002248.50059959,17,TRUE
2013,"additionality",-1414992.62994921,17,TRUE
2014,"project",-1431876.02007911,17,TRUE
2014,"counterfactual",-1097184.55689794,17,TRUE
2014,"additionality",-334691.463181168,17,TRUE
2015,"project",-675445.64590922,17,TRUE
2015,"counterfactual",-1050920.29511768,17,TRUE
2015,"additionality",375474.649208456,17,TRUE
2016,"project",-1253735.81807649,17,TRUE
2016,"counterfactual",-1179631.25469494,17,TRUE
2016,"additionality",-74104.5633815527,17,TRUE
2017,"project",-716999.116961092,17,TRUE
2017,"counterfactual",-931751.437783301,17,TRUE
2017,"additionality",214752.320822209,17,TRUE
2018,"project",-1787302.29851273,17,TRUE
2018,"counterfactual",-1850816.75281534,17,TRUE
2018,"additionality",63514.454302609,17,TRUE
2019,"project",-752678.509696603,17,TRUE
2019,"counterfactual",-738441.336827964,17,TRUE
2019,"additionality",-14237.1728686392,17,TRUE
2020,"project",-1256439.67571369,17,TRUE
2020,"counterfactual",-799540.135373384,17,TRUE
2020,"additionality",-456899.540340304,17,TRUE
2021,"project",-486558.133802354,17,TRUE
2021,"counterfactual",-578976.616645008,17,TRUE
2021,"additionality",92418.482842654,17,TRUE
1991,"project",0,18,FALSE
1991,"counterfactual",0,18,FALSE
1991,"additionality",0,18,FALSE
1992,"project",0,18,FALSE
1992,"counterfactual",0,18,FALSE
1992,"additionality",0,18,FALSE
1993,"project",0,18,FALSE
1993,"counterfactual",0,18,FALSE
1993,"additionality",0,18,FALSE
1994,"project",-3867.14522525668,18,FALSE
1994,"counterfactual",-40605.0248652101,18,FALSE
1994,"additionality",36737.8796399534,18,FALSE
1995,"project",-17402.15351367,18,FALSE
1995,"counterfactual",-11601.4356757998,18,FALSE
1995,"additionality",-5800.71783787012,18,FALSE
1996,"project",0,18,FALSE
1996,"counterfactual",0,18,FALSE
1996,"additionality",0,18,FALSE
1997,"project",0,18,FALSE
1997,"counterfactual",-1933.57261261344,18,FALSE
1997,"additionality",1933.57261261344,18,FALSE
1998,"project",0,18,FALSE
1998,"counterfactual",-1933.57261264324,18,FALSE
1998,"additionality",1933.57261264324,18,FALSE
1999,"project",-25712.8477240503,18,FALSE
1999,"counterfactual",-135926.486643851,18,FALSE
1999,"additionality",110213.638919801,18,FALSE
2000,"project",-240135.046392798,18,FALSE
2000,"counterfactual",-277449.329792708,18,FALSE
2000,"additionality",37314.2833999097,18,FALSE
2001,"project",-139012.866776258,18,FALSE
2001,"counterfactual",-328298.621480823,18,FALSE
2001,"additionality",189285.754704565,18,FALSE
2002,"project",-354792.234297782,18,FALSE
2002,"counterfactual",-291765.103173941,18,FALSE
2002,"additionality",-63027.1311238408,18,FALSE
2003,"project",-213065.029816061,18,FALSE
2003,"counterfactual",-199530.021527588,18,FALSE
2003,"additionality",-13535.0082884729,18,FALSE
2004,"project",-225908.353592545,18,FALSE
2004,"counterfactual",-237305.427935332,18,FALSE
2004,"additionality",11397.0743427873,18,FALSE
2005,"project",-828161.202067643,18,FALSE
2005,"counterfactual",-409676.352305055,18,FALSE
2005,"additionality",-418484.849762589,18,FALSE
2006,"project",-270254.762862682,18,FALSE
2006,"counterfactual",-564121.119743049,18,FALSE
2006,"additionality",293866.356880367,18,FALSE
2007,"project",-273063.421183527,18,FALSE
2007,"counterfactual",-439759.388535678,18,FALSE
2007,"additionality",166695.967352152,18,FALSE
2008,"project",-352465.659121633,18,FALSE
2008,"counterfactual",-391048.03079316,18,FALSE
2008,"additionality",38582.3716715276,18,FALSE
2009,"project",-897890.33690846,18,FALSE
2009,"counterfactual",-379436.115049005,18,FALSE
2009,"additionality",-518454.221859455,18,FALSE
2010,"project",-1014009.49434978,18,TRUE
2010,"counterfactual",-1033319.02030519,18,TRUE
2010,"additionality",19309.5259554088,18,TRUE
2011,"project",-1272018.2973325,18,TRUE
2011,"counterfactual",-1194334.79060563,18,TRUE
2011,"additionality",-77683.506726861,18,TRUE
2012,"project",-304990.949445724,18,TRUE
2012,"counterfactual",-783689.031977206,18,TRUE
2012,"additionality",478698.082531482,18,TRUE
2013,"project",-3471863.24684709,18,TRUE
2013,"counterfactual",-1978804.58767566,18,TRUE
2013,"additionality",-1493058.65917143,18,TRUE
2014,"project",-1620590.61105797,18,TRUE
2014,"counterfactual",-1135001.88357908,18,TRUE
2014,"additionality",-485588.727478892,18,TRUE
2015,"project",-676980.975924104,18,TRUE
2015,"counterfactual",-987950.804369837,18,TRUE
2015,"additionality",310969.828445733,18,TRUE
2016,"project",-1225271.95240772,18,TRUE
2016,"counterfactual",-1141101.28336528,18,TRUE
2016,"additionality",-84170.6690424383,18,TRUE
2017,"project",-724078.403139055,18,TRUE
2017,"counterfactual",-996439.659742296,18,TRUE
2017,"additionality",272361.256603241,18,TRUE
2018,"project",-1816578.36947954,18,TRUE
2018,"counterfactual",-1884290.09116083,18,TRUE
2018,"additionality",67711.7216812968,18,TRUE
2019,"project",-831944.506745964,18,TRUE
2019,"counterfactual",-756058.331743062,18,TRUE
2019,"additionality",-75886.1750029027,18,TRUE
2020,"project",-1206371.14911842,18,TRUE
2020,"counterfactual",-751494.261971772,18,TRUE
2020,"additionality",-454876.887146652,18,TRUE
2021,"project",-507046.667448312,18,TRUE
2021,"counterfactual",-509252.721838355,18,TRUE
2021,"additionality",2206.05439004302,18,TRUE
1991,"project",0,19,FALSE
1991,"counterfactual",0,19,FALSE
1991,"additionality",0,19,FALSE
1992,"project",0,19,FALSE
1992,"counterfactual",0,19,FALSE
1992,"additionality",0,19,FALSE
1993,"project",0,19,FALSE
1993,"counterfactual",0,19,FALSE
1993,"additionality",0,19,FALSE
1994,"project",-5800.79946681857,19,FALSE
1994,"counterfactual",-50273.595379442,19,FALSE
1994,"additionality",44472.7959126234,19,FALSE
1995,"project",-17402.3984005749,19,FALSE
1995,"counterfactual",-17402.3984005451,19,FALSE
1995,"additionality",-2.98023223876953e-08,19,FALSE
1996,"project",0,19,FALSE
1996,"counterfactual",0,19,FALSE
1996,"additionality",0,19,FALSE
1997,"project",0,19,FALSE
1997,"counterfactual",-1933.59982225299,19,FALSE
1997,"additionality",1933.59982225299,19,FALSE
1998,"project",0,19,FALSE
1998,"counterfactual",-7734.39928916097,19,FALSE
1998,"additionality",7734.39928916097,19,FALSE
1999,"project",-17402.3984005451,19,FALSE
1999,"counterfactual",-139014.822995722,19,FALSE
1999,"additionality",121612.424595177,19,FALSE
2000,"project",-232608.390545428,19,FALSE
2000,"counterfactual",-280948.386102557,19,FALSE
2000,"additionality",48339.9955571294,19,FALSE
2001,"project",-110791.601741433,19,FALSE
2001,"counterfactual",-313615.218872547,19,FALSE
2001,"additionality",202823.617131114,19,FALSE
2002,"project",-400794.894328833,19,FALSE
2002,"counterfactual",-271076.022782266,19,FALSE
2002,"additionality",-129718.871546566,19,FALSE
2003,"project",-200890.017308831,19,FALSE
2003,"counterfactual",-205910.040695697,19,FALSE
2003,"additionality",5020.02338686585,19,FALSE
2004,"project",-276672.458040267,19,FALSE
2004,"counterfactual",-222903.710678488,19,FALSE
2004,"additionality",-53768.7473617792,19,FALSE
2005,"project",-774519.391145647,19,FALSE
2005,"counterfactual",-446792.561646014,19,FALSE
2005,"additionality",-327726.829499632,19,FALSE
2006,"project",-254354.838411212,19,FALSE
2006,"counterfactual",-566895.835160285,19,FALSE
2006,"additionality",312540.996749073,19,FALSE
2007,"project",-310549.755739659,19,FALSE
2007,"counterfactual",-496379.702887893,19,FALSE
2007,"additionality",185829.947148234,19,FALSE
2008,"project",-392091.075074583,19,FALSE
2008,"counterfactual",-369003.159581393,19,FALSE
2008,"additionality",-23087.9154931903,19,FALSE
2009,"project",-892537.101708025,19,FALSE
2009,"counterfactual",-397923.315188944,19,FALSE
2009,"additionality",-494613.78651908,19,FALSE
2010,"project",-1034350.14233273,19,TRUE
2010,"counterfactual",-1053680.9004477,19,TRUE
2010,"additionality",19330.7581149638,19,TRUE
2011,"project",-1347671.91516176,19,TRUE
2011,"counterfactual",-1160275.17574555,19,TRUE
2011,"additionality",-187396.739416212,19,TRUE
2012,"project",-316292.914019376,19,TRUE
2012,"counterfactual",-759868.049402833,19,TRUE
2012,"additionality",443575.135383457,19,TRUE
2013,"project",-3266725.19786292,19,TRUE
2013,"counterfactual",-1983506.61011061,19,TRUE
2013,"additionality",-1283218.58775231,19,TRUE
2014,"project",-1558455.25622258,19,TRUE
2014,"counterfactual",-1132376.84118232,19,TRUE
2014,"additionality",-426078.415040255,19,TRUE
2015,"project",-713016.244494796,19,TRUE
2015,"counterfactual",-1021412.31587952,19,TRUE
2015,"additionality",308396.071384728,19,TRUE
2016,"project",-1316351.7901271,19,TRUE
2016,"counterfactual",-1147353.0696162,19,TRUE
2016,"additionality",-168998.7205109,19,TRUE
2017,"project",-782479.11507532,19,TRUE
2017,"counterfactual",-979297.568530738,19,TRUE
2017,"additionality",196818.453455418,19,TRUE
2018,"project",-1856250.58928627,19,TRUE
2018,"counterfactual",-1858629.59828168,19,TRUE
2018,"additionality",2379.00899541378,19,TRUE
2019,"project",-822969.428969115,19,TRUE
2019,"counterfactual",-779371.731079042,19,TRUE
2019,"additionality",-43597.6978900731,19,TRUE
2020,"project",-1287840.36293721,19,TRUE
2020,"counterfactual",-810000.161868423,19,TRUE
2020,"additionality",-477840.201068789,19,TRUE
2021,"project",-459531.263998181,19,TRUE
2021,"counterfactual",-557599.883711189,19,TRUE
2021,"additionality",98068.6197130084,19,TRUE
1991,"project",0,20,FALSE
1991,"counterfactual",0,20,FALSE
1991,"additionality",0,20,FALSE
1992,"project",0,20,FALSE
1992,"counterfactual",0,20,FALSE
1992,"additionality",0,20,FALSE
1993,"project",0,20,FALSE
1993,"counterfactual",0,20,FALSE
1993,"additionality",0,20,FALSE
1994,"project",-3867.14522528648,20,FALSE
1994,"counterfactual",-29003.5891894698,20,FALSE
1994,"additionality",25136.4439641833,20,FALSE
1995,"project",-7734.29045051336,20,FALSE
1995,"counterfactual",-23202.8713514805,20,FALSE
1995,"additionality",15468.5809009671,20,FALSE
1996,"project",0,20,FALSE
1996,"counterfactual",0,20,FALSE
1996,"additionality",0,20,FALSE
1997,"project",0,20,FALSE
1997,"counterfactual",0,20,FALSE
1997,"additionality",0,20,FALSE
1998,"project",0,20,FALSE
1998,"counterfactual",0,20,FALSE
1998,"additionality",0,20,FALSE
1999,"project",-13535.0082883835,20,FALSE
1999,"counterfactual",-128192.196193427,20,FALSE
1999,"additionality",114657.187905043,20,FALSE
2000,"project",-253874.416014314,20,FALSE
2000,"counterfactual",-266833.020542771,20,FALSE
2000,"additionality",12958.6045284569,20,FALSE
2001,"project",-120457.905742854,20,FALSE
2001,"counterfactual",-311677.233060122,20,FALSE
2001,"additionality",191219.327317268,20,FALSE
2002,"project",-392682.921457469,20,FALSE
2002,"counterfactual",-273005.780807525,20,FALSE
2002,"additionality",-119677.140649945,20,FALSE
2003,"project",-191423.688650221,20,FALSE
2003,"counterfactual",-188709.350944757,20,FALSE
2003,"additionality",-2714.33770546317,20,FALSE
2004,"project",-232028.71351552,20,FALSE
2004,"counterfactual",-212079.90339005,20,FALSE
2004,"additionality",-19948.8101254702,20,FALSE
2005,"project",-762907.056417078,20,FALSE
2005,"counterfactual",-451062.142263174,20,FALSE
2005,"additionality",-311844.914153904,20,FALSE
2006,"project",-287913.678051233,20,FALSE
2006,"counterfactual",-609426.455268234,20,FALSE
2006,"additionality",321512.777217001,20,FALSE
2007,"project",-325269.881724477,20,FALSE
2007,"counterfactual",-431370.093812585,20,FALSE
2007,"additionality",106100.212088108,20,FALSE
2008,"project",-382622.055830806,20,FALSE
2008,"counterfactual",-385540.754869342,20,FALSE
2008,"additionality",2918.69903853536,20,FALSE
2009,"project",-899001.224154711,20,FALSE
2009,"counterfactual",-384356.5071446,20,FALSE
2009,"additionality",-514644.717010111,20,FALSE
2010,"project",-973189.628083169,20,TRUE
2010,"counterfactual",-1057302.65674964,20,TRUE
2010,"additionality",84113.0286664665,20,TRUE
2011,"project",-1166897.97163615,20,TRUE
2011,"counterfactual",-1159939.20624435,20,TRUE
2011,"additionality",-6958.76539179683,20,TRUE
2012,"project",-345894.656259179,20,TRUE
2012,"counterfactual",-792193.607452244,20,TRUE
2012,"additionality",446298.951193064,20,TRUE
2013,"project",-3541314.65987632,20,TRUE
2013,"counterfactual",-2021395.58549535,20,TRUE
2013,"additionality",-1519919.07438096,20,TRUE
2014,"project",-1479146.368422,20,TRUE
2014,"counterfactual",-1129557.48806548,20,TRUE
2014,"additionality",-349588.88035652,20,TRUE
2015,"project",-676189.73076281,20,TRUE
2015,"counterfactual",-1024793.48469341,20,TRUE
2015,"additionality",348603.753930598,20,TRUE
2016,"project",-1291951.38735542,20,TRUE
2016,"counterfactual",-1102770.43333441,20,TRUE
2016,"additionality",-189180.954021007,20,TRUE
2017,"project",-698349.835312426,20,TRUE
2017,"counterfactual",-945747.569079548,20,TRUE
2017,"additionality",247397.733767122,20,TRUE
2018,"project",-1857487.31632727,20,TRUE
2018,"counterfactual",-1887685.63330981,20,TRUE
2018,"additionality",30198.3169825375,20,TRUE
2019,"project",-778234.156395167,20,TRUE
2019,"counterfactual",-731126.249111921,20,TRUE
2019,"additionality",-47107.9072832465,20,TRUE
2020,"project",-1289216.08951318,20,TRUE
2020,"counterfactual",-815024.436376899,20,TRUE
2020,"additionality",-474191.653136283,20,TRUE
2021,"project",-458744.032371879,20,TRUE
2021,"counterfactual",-509289.402077645,20,TRUE
2021,"additionality",50545.3697057664,20,TRUE
